linkEfficiencyInPercentage,linkEfficiencyRounded,numberOfLinks
100.00000000000126,100,8
100.00000000000125,100,35
100.0000000000013,100,11
3.1920244120902934,3,1
100.00000000000131,100,1
30.89908526045251,31,1
100.00000000000135,100,1
100.00000000000134,100,5
97.32781817128745,97,1
100.00000000000115,100,7
100.00000000000114,100,25
100.00000000000118,100,5
4.794983931462981,5,1
100.0000000000012,100,40
100.00000000000122,100,9
100.00000000000104,100,8
100.00000000000102,100,4
98.64309358384565,99,1
100.00000000000107,100,4
0.3947484175260118,0,1
100.0000000000011,100,3
5.586931667371677,6,1
0.19529426348689935,0,1
71.42849878406928,71,1
100.00000000000111,100,12
100.00000000000091,100,22
26.438926702729443,26,1
100.00000000000095,100,2
100.00000000000094,100,3
1.2606662490004048,1,1
100.000000000001,100,5
100.0000000000017,100,26
100.00000000000175,100,5
100.00000000000173,100,2
100.00000000000178,100,7
100.0000000000018,100,8
1.1177393821843207,1,1
100.00000000000162,100,4
92.30822915463432,92,1
100.00000000000166,100,6
100.00000000000165,100,8
100.00000000000169,100,1
100.00000000000149,100,3
100.0000000000015,100,2
100.00000000000155,100,40
100.00000000000153,100,5
100.00000000000158,100,2
100.00000000000138,100,2
76.39968734305793,76,1
100.00000000000139,100,5
0.08086295830491075,0,1
100.00000000000142,100,8
100.00000000000146,100,7
100.00000000000145,100,8
100.00000000000036,100,5
0.15259860682581222,0,1
100.00000000000038,100,13
100.0000000000004,100,9
100.00000000000044,100,4
100.00000000000024,100,1
100.00000000000023,100,15
100.00000000000027,100,8
100.00000000000028,100,1
100.00000000000033,100,1
100.00000000000031,100,14
100.00000000000013,100,5
100.00000000000011,100,3
100.00000000000016,100,1
0.2776002934692593,0,1
0.4267109492075228,0,1
100.00000000000017,100,3
100.0000000000002,100,23
100.0,100,152968
100.00000000000004,100,1
100.00000000000003,100,8020
100.00000000000007,100,6
100.00000000000009,100,1
97.658098314897,98,1
100.0000000000008,100,16
100.00000000000084,100,14
100.00000000000082,100,5
100.00000000000087,100,1
100.00000000000088,100,8
100.00000000000068,100,10
93.78722877465252,94,1
100.00000000000071,100,2
100.00000000000075,100,15
100.00000000000074,100,5
1.0151942290983946,1,1
100.00000000000078,100,5
100.00000000000058,100,6
2.477334923541211,2,1
100.0000000000006,100,12
100.00000000000064,100,25
36.89977444655235,37,1
100.00000000000063,100,4
100.00000000000067,100,2
18.13861229296467,18,1
0.43701940973786696,0,1
100.00000000000047,100,1
67.16870542846752,67,1
100.00000000000048,100,25
100.00000000000051,100,2
100.00000000000055,100,13
100.00000000000054,100,6
100.00000000000308,100,1
14.62268724263538,15,1
100.00000000000307,100,3
0.33916643624536874,0,2
100.00000000000311,100,1
8.981479397437205,9,1
93.31015706358461,93,1
100.00000000000313,100,2
100.00000000000317,100,6
100.00000000000315,100,2
100.00000000000297,100,1
100.00000000000296,100,14
100.000000000003,100,4
100.00000000000304,100,4
98.63579060359703,99,1
100.00000000000284,100,16
100.00000000000288,100,3
100.00000000000287,100,8
100.00000000000291,100,12
100.00000000000293,100,4
100.00000000000273,100,1
100.00000000000277,100,4
100.00000000000276,100,3
100.0000000000028,100,4
100.00000000000281,100,2
100.00000000000352,100,2
100.00000000000355,100,2
100.0000000000036,100,51
100.00000000000358,100,6
89.50452476962153,90,1
100.00000000000362,100,8
100.00000000000342,100,15
15.434694739444707,15,1
100.00000000000344,100,1
100.00000000000348,100,20
100.00000000000347,100,1
100.00000000000351,100,8
51.38781993487685,51,1
0.6562848679659659,1,1
100.00000000000333,100,7
0.7038514942754264,1,1
97.96453777596604,98,1
100.00000000000335,100,2
100.0000000000034,100,19
100.00000000000338,100,11
100.0000000000032,100,1
100.00000000000323,100,3
99.9999999998868,100,1
95.28399323824569,95,1
100.00000000000324,100,25
100.00000000000327,100,18
100.00000000000217,100,12
100.00000000000216,100,2
5.122874579983657,5,1
100.00000000000222,100,19
99.99999999988582,100,1
100.00000000000226,100,5
100.00000000000225,100,18
100.00000000000206,100,7
100.00000000000205,100,6
91.35051913111684,91,1
100.00000000000209,100,6
87.81359875640203,88,1
100.0000000000021,100,4
0.3292811617949194,0,1
100.00000000000213,100,28
100.00000000000193,100,7
100.00000000000198,100,12
0.40585003215778254,0,1
100.00000000000196,100,8
100.000000000002,100,7
100.00000000000202,100,10
98.32682568988147,98,1
100.00000000000182,100,7
100.00000000000186,100,7
100.00000000000189,100,3
77.34013508312901,77,1
100.0000000000019,100,14
100.00000000000261,100,15
100.00000000000264,100,13
100.00000000000269,100,2
100.00000000000267,100,20
100.00000000000271,100,12
100.00000000000252,100,6
99.99999999988611,100,1
100.00000000000253,100,9
0.26361430866945545,0,1
100.00000000000257,100,7
100.00000000000256,100,7
100.0000000000026,100,7
90.66441019237547,91,2
25.852688267330116,26,1
87.84707191608203,88,1
100.0000000000024,100,6
37.01884354736463,37,1
100.00000000000242,100,1
100.00000000000246,100,14
100.00000000000244,100,2
100.00000000000249,100,3
100.00000000000229,100,9
100.0000000000023,100,4
100.00000000000233,100,28
100.00000000000237,100,15
100.00000000000236,100,20
100.00000000000493,100,9
95.54781869468741,96,1
100.00000000000495,100,4
100.00000000000497,100,1
100.0000000000048,100,6
100.00000000000485,100,1
100.00000000000486,100,6
100.00000000000466,100,8
100.00000000000469,100,25
100.00000000000473,100,8
0.2633968077504596,0,1
0.5255916771324206,1,1
100.00000000000455,100,1
76.93066779811285,77,1
100.00000000000459,100,4
100.00000000000458,100,2
100.00000000000462,100,6
7.64135314218253,8,1
3.752252287773159,4,1
100.00000000000465,100,7
100.00000000000536,100,2
0.02618849833147942,0,1
100.00000000000541,100,1
100.0000000000054,100,3
100.00000000000544,100,3
100.00000000000524,100,2
0.32508884852685416,0,1
19.57131510953299,20,1
2.23271496644425,2,1
100.00000000000526,100,11
100.0000000000053,100,19
100.00000000000529,100,3
100.00000000000533,100,19
1.4607481028965015,1,1
2.5341580887627306,3,1
100.00000000000514,100,6
100.00000000000517,100,3
0.4740797737271309,0,1
71.87646523616003,72,1
100.00000000000522,100,23
100.0000000000052,100,25
100.00000000000502,100,6
100.000000000005,100,14
10.917793333292607,11,1
100.00000000000504,100,4
0.2496103341506116,0,1
100.00000000000506,100,1
100.0000000000051,100,5
100.00000000000509,100,5
0.48946211719077964,0,1
66.59418718813193,67,1
100.00000000000398,100,11
100.00000000000402,100,27
100.00000000000404,100,1
8.213215849790213,8,1
100.00000000000388,100,23
100.00000000000387,100,1
100.00000000000391,100,7
98.16567638898657,98,1
100.00000000000395,100,14
0.26682621562187964,0,1
100.00000000000375,100,1
100.0000000000038,100,14
100.00000000000378,100,2
100.00000000000382,100,15
100.00000000000384,100,11
100.00000000000364,100,6
100.00000000000368,100,9
100.00000000000372,100,6
100.0000000000045,100,1
100.00000000000433,100,1
100.00000000000435,100,3
100.00000000000439,100,9
100.00000000000438,100,1
100.00000000012083,100,1
100.00000000000422,100,2
100.00000000000423,100,3
100.00000000000426,100,4
100.0000000000043,100,5
73.95638006183674,74,1
0.6508550346460807,1,1
100.0000000000041,100,1
100.00000000000414,100,14
100.00000000000415,100,1
43.371271407167946,43,1
100.00000000000418,100,3
88.38676938803636,88,1
35.086206404793224,35,1
100.00000000000671,100,2
0.15598611050038272,0,1
100.00000000000675,100,5
100.00000000000678,100,18
0.15667730008752087,0,1
100.00000000000664,100,2
11.474979934647974,11,1
100.00000000000668,100,8
100.00000000000648,100,2
100.00000000000652,100,5
9.566018420334736,10,1
96.34636748764535,96,1
100.00000000000655,100,3
100.00000000000657,100,2
98.60501382027215,99,1
100.00000000000637,100,1
100.0000000000064,100,9
0.19031504906017277,0,1
100.00000000000644,100,1
100.00000000000642,100,9
100.00000000000647,100,4
100.00000000000718,100,7
100.00000000000719,100,18
100.00000000000723,100,6
100.00000000000726,100,1
100.00000000000706,100,1
61.06407218411501,61,1
51.03583384616901,51,1
23.24077450058572,23,1
100.0000000000071,100,1
100.00000000000715,100,20
100.00000000000713,100,10
100.00000000000695,100,1
100.00000000000693,100,12
100.00000000000698,100,5
0.42955335215930956,0,1
100.00000000000699,100,1
100.00000000000703,100,1
4.2775907200994014,4,1
100.00000000000702,100,10
1.2468862160144745,1,1
100.00000000000684,100,2
100.00000000000682,100,2
5.079120605874169,5,1
100.00000000000686,100,1
100.00000000000688,100,3
100.0000000000069,100,2
87.6006221908595,88,1
100.00000000000581,100,4
100.0000000000058,100,8
9.104107506398833,9,1
100.00000000000584,100,11
100.00000000000588,100,18
6.026471492160694,6,1
100.00000000000568,100,3
100.00000000000573,100,6
100.00000000000571,100,1
100.00000000000576,100,6
24.774164408944074,25,1
0.05038745844376235,0,1
100.00000000000577,100,6
98.22216970115898,98,1
100.00000000000557,100,11
100.00000000000561,100,1
100.0000000000056,100,2
100.00000000000566,100,7
100.00000000000546,100,14
100.00000000000549,100,3
100.00000000000553,100,8
87.83597625241421,88,1
100.00000000000551,100,1
19.099373087952134,19,1
100.00000000000627,100,2
100.00000000000631,100,9
76.85928356679426,77,1
100.00000000000635,100,1
100.00000000000615,100,1
2.120581745092838,2,1
79.07479626785515,79,1
0.058390410161150624,0,1
97.10965191567031,97,1
100.00000000000604,100,9
100.00000000000607,100,1
0.9403116456641047,1,1
49.35886035419848,49,1
100.00000000000608,100,7
100.00000000000612,100,2
100.00000000000611,100,6
100.00000000000593,100,9
100.00000000000591,100,9
100.00000000000595,100,3
100.00000000000853,100,4
100.00000000000857,100,6
0.21168795080184244,0,2
100.00000000000841,100,4
9.565716995441093,10,1
92.67167311089565,93,1
100.0000000000085,100,2
0.2809126006063645,0,1
81.36082234106931,81,1
100.00000000000833,100,2
9.824949679056544,10,1
100.00000000000836,100,2
100.0000000000084,100,16
0.305122260122047,0,1
100.0000000000082,100,2
100.00000000000826,100,2
1.5199724516704693,2,1
0.4678612696758597,0,1
100.00000000000904,100,1
100.00000000000907,100,1
100.00000000000888,100,1
100.00000000000891,100,4
88.31993315706097,88,1
82.27269380890243,82,1
100.00000000000895,100,6
85.27817084290558,85,1
100.00000000000877,100,2
5.5912179431988465,6,1
100.00000000000881,100,1
100.00000000000885,100,1
100.00000000000884,100,2
48.418229673922255,48,1
100.00000000000865,100,12
6.7726909392363766,7,1
0.06899516855678438,0,1
0.043811082807700526,0,1
100.00000000000864,100,1
0.6052570603928195,1,1
100.00000000000868,100,3
100.0000000000087,100,1
6.100338070399049,6,1
100.00000000000873,100,18
48.2740070678565,48,1
100.00000000000762,100,1
0.06056656274643589,0,1
0.49554727167261775,0,1
100.00000000000769,100,1
100.0000000000077,100,16
100.00000000000755,100,3
100.00000000000753,100,4
100.00000000000739,100,4
1.1463985479592222,1,1
100.00000000000742,100,5
0.10216795285809073,0,1
72.15467452573688,72,1
100.00000000000746,100,2
0.03927276790554036,0,1
100.00000000000749,100,18
5.914073577459283,6,1
1.0376663133043889,1,1
100.00000000000735,100,2
100.00000000000733,100,7
100.00000000000809,100,1
70.43558135434178,70,1
8.35918326938336,8,1
100.00000000000797,100,11
85.89305643241529,86,1
100.00000000000801,100,2
0.38744188933660856,0,1
100.00000000000784,100,8
100.00000000000789,100,1
100.00000000000793,100,5
0.40181439004389474,0,1
100.00000000000774,100,9
5.289851805938226,5,1
100.00000000000773,100,1
90.36241796652837,90,1
25.391974749119896,25,1
100.00000000001035,100,13
1.6495285156721755,2,1
100.00000000001037,100,2
9.981514193228318,10,1
0.23480037696483191,0,2
100.00000000001023,100,9
100.00000000001027,100,1
100.00000000001033,100,3
0.40576179505689997,0,1
0.548005834536412,1,1
100.00000000001012,100,8
0.06531357834629052,0,1
100.00000000001022,100,14
0.12256500217426494,0,1
100.00000000001003,100,4
9.336548384918864,9,1
100.00000000001008,100,1
100.00000000001081,100,8
100.00000000001083,100,2
100.00000000001089,100,6
100.0000000000107,100,2
100.00000000001074,100,1
100.00000000001077,100,1
100.00000000001059,100,6
100.00000000001057,100,2
0.2213967471856047,0,1
8.762597195385462,9,1
9.542373360717262,10,1
100.00000000001046,100,2
0.3908814584945528,0,1
60.10634535555243,60,1
7.1957754497322775,7,1
100.00000000001054,100,4
0.48095812954145345,0,1
100.00000000000944,100,8
100.00000000000948,100,2
91.95728306542105,92,1
100.00000000000946,100,17
100.0000000000095,100,3
42.271164623332076,42,1
65.00176921311532,65,1
100.00000000000932,100,1
0.9485289942948975,1,1
100.00000000000936,100,4
100.00000000000935,100,1
100.0000000000094,100,4
100.00000000000941,100,2
0.12766153133203223,0,1
100.00000000000921,100,6
100.00000000000924,100,3
100.00000000000927,100,23
23.74310332626362,24,1
100.00000000000911,100,1
100.00000000000912,100,5
100.00000000000917,100,2
100.00000000000915,100,4
100.0000000000092,100,6
0.273187012987013,0,1
99.99999999954426,100,3
100.00000000000992,100,7
100.00000000000995,100,2
100.00000000000999,100,1
99.99999999977695,100,4
0.036331922005571025,0,1
0.21357424834456173,0,1
100.00000000000982,100,1
6.09891494318862,6,2
8.762597195385304,9,2
100.00000000000983,100,5
100.00000000000988,100,5
0.1673269710802967,0,1
100.00000000000986,100,4
100.00000000000968,100,1
0.3731490714779988,0,1
100.00000000000972,100,11
87.58327364350065,88,1
100.00000000000959,100,7
100.00000000001216,100,6
0.5157241108010339,1,1
10.27606843484409,10,1
100.00000000001225,100,7
0.33615283706534504,0,1
100.00000000001205,100,2
100.00000000001208,100,1
99.99999999989573,100,2
100.00000000001197,100,6
6.202837256444898,6,1
100.00000000001201,100,1
39.157922451025854,39,1
7.64965975287175,8,1
100.00000000001184,100,7
5.855005262708672,6,1
92.77887645171016,93,1
100.00000000001192,100,2
100.00000000001191,100,1
100.00000000001262,100,5
100.00000000001266,100,5
7.83821321588263,8,1
92.95559625945833,93,1
0.31096982773721127,0,1
99.99999999989629,100,1
64.54968095556745,65,1
100.0000000000127,100,5
100.0000000000125,100,8
100.00000000001259,100,1
100.00000000001239,100,2
100.00000000001243,100,13
100.00000000001228,100,11
100.00000000001232,100,19
0.26653567457730354,0,1
5.784914054449954,6,1
100.00000000001125,100,1
100.00000000001128,100,1
100.00000000001133,100,7
0.04204802737636604,0,1
0.09734523021485358,0,1
100.00000000001114,100,1
0.2685607682767238,0,1
77.20303209960451,77,1
100.00000000001117,100,2
0.44167560018747226,0,1
100.00000000001106,100,5
100.0000000000111,100,5
0.5730548387733485,1,1
100.00000000001172,100,1
100.00000000001175,100,1
99.99999999989534,100,3
4.094821144494095,4,1
100.0000000000118,100,5
100.00000000001164,100,7
99.99999999989524,100,2
100.00000000001165,100,1
100.00000000001168,100,6
100.0000000000115,100,8
100.00000000001148,100,7
100.00000000001153,100,21
100.00000000012794,100,3
100.00000000001154,100,5
100.00000000001141,100,2
100.00000000001144,100,12
7.430805178418358,7,1
1.8761430078338877,2,1
100.00000000001145,100,2
100.00000000001398,100,1
100.00000000001405,100,4
100.00000000001388,100,1
5.484644623094428,5,1
0.27709777313674483,0,1
100.00000000001394,100,6
100.00000000001397,100,6
32.969103650381655,33,1
95.94778465234992,96,1
100.00000000001383,100,7
99.03798265656015,99,1
100.00000000001366,100,1
24.140587479002416,24,1
100.0000000000137,100,1
100.00000000001374,100,12
0.07260728358891642,0,1
100.00000000001373,100,7
100.00000000001445,100,12
100.00000000001444,100,1
15.832827149915879,16,1
0.5402090813393853,1,1
100.00000000001454,100,2
100.00000000001452,100,14
7.228285520528412,7,1
100.00000000001434,100,1
0.16828976185230263,0,1
100.00000000001432,100,1
78.81382863777743,79,1
79.94022817576887,80,1
100.00000000001438,100,3
100.00000000001428,100,3
0.08751260589701608,0,1
2.9187440517745364,3,1
0.984418366796898,1,1
100.00000000001413,100,2
0.8315457799764392,1,1
100.00000000001417,100,6
100.0000000000131,100,12
100.00000000001315,100,8
0.8769934076724125,1,1
7.372066399542349,7,1
100.00000000001317,100,2
100.00000000001296,100,4
100.00000000001303,100,5
100.00000000001306,100,9
0.30267357612226936,0,1
0.7535097354107771,1,1
0.18051686842130826,0,1
0.057574408189492846,0,1
100.00000000001295,100,1
100.00000000001276,100,3
0.13627325206022814,0,1
100.0000000001292,100,6
4.446342359694075,4,1
98.42580947145542,98,1
100.00000000001282,100,1
47.20232132516695,47,1
100.00000000001359,100,4
100.00000000001363,100,7
100.00000000001343,100,1
100.00000000001342,100,4
100.0000000000135,100,7
59.087516500711104,59,1
100.0000000000133,100,1
100.00000000001334,100,6
100.00000000001333,100,14
55.296466169930156,55,1
100.00000000001337,100,1
100.00000000001339,100,2
100.00000000001319,100,2
0.6003395033538165,1,1
0.049157820381443125,0,1
99.99999999989684,100,1
87.8124377975935,88,1
18.84124146638592,19,1
100.0000000000159,100,1
96.13256256274886,96,1
1.397372818240567,1,1
100.00000000001572,100,1
100.00000000001567,100,2
0.17747529013251398,0,1
100.00000000001556,100,2
100.00000000001627,100,1
100.00000000001634,100,1
63.2938102804814,63,1
100.00000000001614,100,7
4.833438305004298,5,1
100.000000000249,100,6
0.19248738708373545,0,7
100.00000000001621,100,7
0.8824677461387083,1,1
100.00000000001623,100,7
0.425448381134994,0,1
100.00000000001596,100,1
86.15511258069027,86,1
100.00000000001602,100,4
100.0000000000149,100,2
48.60393639386334,49,1
100.00000000001492,100,12
80.25723636451545,80,1
1.3514985430999642,1,1
100.00000000013122,100,2
100.00000000001485,100,5
100.00000000001484,100,3
78.52805524301178,79,1
17.835380797905312,18,1
11.590744652377571,12,1
100.00000000001457,100,2
100.0000000000146,100,1
1.4938441342041098,1,1
73.38552517600114,73,1
100.00000000001535,100,4
100.0000000000153,100,2
37.88911915488631,38,1
100.00000000013154,100,1
1.3265416110489392,1,1
100.00000000001519,100,4
0.10686001501953914,0,1
100.0000000000152,100,7
0.9363433279924431,1,1
87.9780822448554,88,1
100.000000000015,100,1
0.42759468180320703,0,1
0.021819703429101014,0,1
100.00000000001764,100,1
100.00000000001772,100,4
95.08008032807555,95,1
0.27629919259781416,0,1
100.00000000001754,100,3
0.7833397857990378,1,1
100.00000000001756,100,7
100.00000000001744,100,2
0.42538658033436744,0,1
100.0000000000175,100,5
100.00000000001748,100,8
0.15970019893273668,0,1
100.00000000001732,100,1
0.16206074572702084,0,1
0.16805623346230045,0,1
100.00000000001808,100,1
0.13767988021083566,0,1
0.24233101806036503,0,1
1.2592637205094457,1,1
1.7609465504482253,2,1
91.59065863452616,92,1
100.00000000001785,100,13
41.58362378250126,42,1
59.67368743944302,60,1
100.00000000013426,100,4
100.00000000001789,100,10
0.18941634411101008,0,1
100.00000000001792,100,1
3.260775689647086,3,1
100.00000000001776,100,1
100.00000000001779,100,1
100.00000000001673,100,1
0.641445156356085,1,1
100.00000000001678,100,2
100.00000000001677,100,2
100.00000000001681,100,7
33.88733600437436,34,1
100.00000000001661,100,1
100.00000000001663,100,1
60.014095808207436,60,1
0.5024175705751674,1,1
0.2624457800905363,0,1
3.5099859273051135,4,1
100.0000000000165,100,10
0.8857049673651175,1,1
100.00000000001654,100,3
100.00000000001637,100,1
0.18256434080505668,0,1
100.00000000001641,100,2
100.00000000001643,100,4
0.5070691384211192,1,1
0.43299170126326275,0,1
21.866204381290487,22,1
100.00000000001708,100,1
0.4255006057356471,0,1
99.99999999990068,100,1
100.00000000001712,100,3
0.2422633643154501,0,2
0.10817068126371572,0,1
1.423357859504512,1,1
100.00000000001714,100,1
99.99999999990052,100,1
100.00000000001698,100,1
100.00000000001702,100,2
100.0000000000169,100,1
0.08400985715127222,0,1
96.4968085926272,96,1
100.00000000001693,100,8
0.705589987293843,1,1
51.085087024111786,51,1
100.00000000001947,100,1
100.0000000000195,100,1
100.00000000001934,100,5
0.3712220993286172,0,1
100.00000000001926,100,3
0.5384302360647485,1,1
100.00000000001927,100,1
0.22572633919429635,0,2
100.0000000000191,100,1
72.35025367279475,72,1
22.704300884478883,23,1
100.00000000001918,100,2
100.0000000000199,100,5
17.292249040498533,17,1
52.43737071883714,52,1
100.00000000001997,100,2
4.722204523733031,5,1
0.7657851280476846,1,1
89.75864739852891,90,1
100.00000000001981,100,1
100.00000000001985,100,1
100.00000000001987,100,1
100.00000000001967,100,2
99.99999999990332,100,1
100.00000000001957,100,3
0.08141283173610334,0,1
100.00000000001963,100,1
100.00000000001961,100,2
100.00000000001965,100,2
100.00000000001855,100,2
100.00000000001856,100,1
100.00000000001863,100,1
100.00000000001845,100,1
0.15246435250485443,0,1
1.6612311849262626,2,1
57.43976877707367,57,1
100.0000000000183,100,5
100.0000000000184,100,3
67.28745683971718,67,1
99.99999999990182,100,2
100.00000000001828,100,4
0.538827473537643,1,1
100.00000000001896,100,3
99.99999999990234,100,1
100.00000000001879,100,3
36.733368570737305,37,1
9.939342005285127,10,1
76.08179967380651,76,1
39.08896708106414,39,1
100.00000000025156,100,2
0.616872304691106,1,1
100.00000000002127,100,2
0.1334442545685619,0,1
0.5368981911554346,1,1
5.548210261699558,6,1
72.7575774457791,73,1
1.0664702610532069,1,1
100.00000000002105,100,1
99.99999999990466,100,2
100.00000000002093,100,1
35.87046229939314,36,1
100.00000000013736,100,6
0.21723248542501722,0,1
2.1216827454028593,2,1
82.78533310380021,83,1
100.00000000002174,100,1
99.99999999990521,100,1
100.00000000002167,100,7
0.3974225931555286,0,1
100.00000000002152,100,6
100.00000000002154,100,1
0.27522858383734117,0,1
0.0197352576918403,0,1
1.482094635971498,1,1
92.06342790503565,92,1
100.0000000000214,100,3
1.9529941142703011,2,1
99.99999999990501,100,2
8.46731266134166,8,1
100.00000000013787,100,1
100.0000000000204,100,5
87.35432498524298,87,1
22.41040076645243,22,1
100.00000000002034,100,3
100.00000000002032,100,7
1.45447479241031,1,1
29.157466743650907,29,1
100.00000000002018,100,1
100.00000000002001,100,6
0.546087868587385,1,1
1.1380746661966639,1,1
0.043502328159645234,0,1
62.41867401057266,62,1
100.0000000000201,100,1
100.0000000000208,100,1
0.3520348057782596,0,1
9.082186295969981,9,1
0.22919312141002332,0,2
60.313038668848286,60,1
100.00000000002076,100,2
100.00000000002058,100,1
100.00000000002048,100,1
51.160373704073336,51,1
0.8504388942742447,1,1
0.4588238837659071,0,1
96.77349573398374,97,1
0.31218397465359726,0,1
100.00000000002306,100,2
100.00000000002291,100,2
12.758733875121148,13,1
93.38192339596904,93,1
88.2458109304572,88,1
4.7197514811158365,5,1
0.14075732342007433,0,1
100.00000000002333,100,3
100.00000000002338,100,4
0.8779933283510588,1,1
100.0000000000234,100,2
100.00000000002328,100,2
100.00000000002223,100,4
80.09486998941274,80,1
0.3678063985641268,0,1
85.46443499993698,85,1
100.00000000013847,100,5
2.3959902842790304,2,1
100.00000000002194,100,5
73.64581479740721,74,1
100.000000000022,100,7
0.2538638747042381,0,1
0.7821944940115291,1,1
36.34688250897873,36,1
43.46227421305977,43,1
92.37571268023453,92,1
100.00000000002265,100,11
10.201897534991094,10,1
0.1377656234084581,0,1
100.00000000002254,100,1
0.03498617858413735,0,1
0.15480247933095498,0,1
1.89827804037564,2,1
0.37637375251734795,0,1
9.548435429530057,10,1
100.00000000002478,100,8
0.28680086216677714,0,1
0.07916517513423275,0,1
1.3278122978770452,1,1
100.00000000002463,100,3
0.12570298711235495,0,1
45.95321357161837,46,1
100.00000000002535,100,3
30.26623792490281,30,1
0.022720921973898033,0,1
77.98898554099921,78,1
100.00000000002541,100,4
50.04134922704145,50,1
94.10576649336481,94,1
0.8408102154193533,1,1
1.4251969265095623,1,1
80.52044655589538,81,1
100.0000000000252,100,18
0.3829446235283994,0,1
1.0629176470588235,1,1
89.69045067760025,90,1
92.76274108575953,93,1
0.37116004063618396,0,1
0.4524958530988392,0,1
0.516596200005547,1,1
46.06636476030146,46,1
7.593030966715542,8,1
0.38174535338895765,0,1
100.00000000002376,100,1
0.22827105522702978,0,1
95.13222749160467,95,1
93.21531243496621,93,1
2.722675600508862,3,1
100.00000000002373,100,1
100.00000000002444,100,1
100.00000000002447,100,1
5.530140876870104,6,1
6.296035067373124,6,1
12.800369212535474,13,1
100.00000000002429,100,18
0.2046210797822065,0,1
0.2906945434998989,0,1
100.0000000000266,100,6
100.00000000014302,100,1
95.73437746673157,96,1
97.4750575958125,97,1
62.859228864655236,63,1
0.7724129727659561,1,1
4.0354312201797375,4,1
100.00000000002657,100,25
87.85114610112318,88,1
0.18519358395484134,0,1
25.786265995284346,26,1
100.00000000002646,100,1
0.7868412273260883,1,1
0.1276122865976939,0,1
0.27119361699617445,0,1
0.5804064372136746,1,1
100.00000000002711,100,1
90.67779014413073,91,1
0.23342444730104528,0,1
51.007914978017354,51,1
100.00000000002687,100,4
6.784819668129978,7,1
0.15188563174102768,0,1
100.00000000002689,100,1
100.00000000002693,100,1
0.06267736665064873,0,1
1.6907736901650494,2,1
0.29622295081967215,0,1
28.918101287596006,29,1
21.52171325733342,22,1
100.00000000002586,100,1
0.2512178369759268,0,1
100.00000000002571,100,12
100.0000000000257,100,4
68.5520897925167,69,1
0.5906840954552115,1,1
99.55241307042891,100,1
0.07684598962549859,0,1
36.82900218110336,37,1
80.6639389863293,81,1
99.99999999990993,100,1
100.00000000002616,100,5
0.1110174980748047,0,1
10.746405682961203,11,1
0.4890374997290241,0,1
98.27962266479389,98,1
0.6111943454627589,1,1
100.00000000002598,100,3
0.8772572579153729,1,1
81.67085699085118,82,1
100.00000000002855,100,5
0.36971449048323884,0,1
100.00000000002859,100,7
100.0000000000285,100,8
88.1469960347046,88,1
100.000000000029,100,1
2.054480404749948,2,1
33.59164039759162,34,1
13.471345583618838,13,1
23.526972577686777,24,1
100.00000000002889,100,2
0.9198983389220424,1,1
1.3312178900754181,1,1
0.6885636962000325,1,1
68.68782444110248,69,1
0.14241912917735305,0,1
96.60124932636931,97,1
78.32563920653368,78,1
100.00000000002882,100,4
0.635000517732427,1,1
0.32492145085741175,0,1
3.457038648726524,3,1
1.6294394081471986,2,1
1.119325221248849,1,1
100.00000000002751,100,11
99.4137709413369,99,1
100.00000000002728,100,1
100.00000000002736,100,1
18.469179033303636,18,1
2.513416383511882,3,1
0.41108371544495226,0,1
5.926821125498968,6,1
91.57708138986196,92,1
0.08365824127264693,0,1
6.0233200748061035,6,1
100.00000000002798,100,1
0.29597248412795774,0,1
0.06558066852367687,0,1
0.12208801527694975,0,1
100.00000000002804,100,2
100.00000000002807,100,12
91.74802492889114,92,1
100.00000000002788,100,1
100.00000000002791,100,6
100.00000000002774,100,11
2.4553113679188323,2,1
94.50546849588672,95,1
1.1351093740420857,1,1
15.703172689696709,16,1
0.8467684770729367,1,1
90.5729959320591,91,1
1.4937865995902053,1,1
52.52205459221616,53,1
98.79900787949227,99,1
1.1805971490813525,1,1
100.00000000003016,100,1
100.0000000000302,100,1
0.08366888226563404,0,1
0.20847736370587605,0,1
6.041384806595771,6,3
0.17598853817761234,0,1
64.00444302441377,64,1
0.23276373295273706,0,1
1.3997515581278035,1,1
100.00000000003084,100,1
90.95869824882105,91,1
90.07283160617678,90,1
0.8765394848193121,1,1
14.650280184215623,15,1
100.00000000003058,100,2
100.00000000003062,100,5
99.9999999999142,100,2
97.56195608059795,98,1
87.63238260809517,88,1
100.00000000003048,100,11
20.92618604775857,21,1
70.25041372433452,70,1
100.00000000002944,100,3
64.81094436857083,65,1
33.92312669421852,34,1
6.001592170165461,6,1
61.79025952929137,62,1
99.99999999979644,100,1
0.41342243648937027,0,1
100.00000000002916,100,1
9.468288761016474,9,1
0.20380318704572337,0,2
100.00000000002993,100,1
1.3246407176312256,1,1
100.00000000002997,100,1
96.43119340785628,96,1
2.6373116231560845,3,1
99.99999999991327,100,1
100.00000000002973,100,1
100.00000000002977,100,7
98.6435862317654,99,1
84.51696473311674,85,1
0.15862189633061807,0,2
100.0000000000322,100,1
17.708310090138642,18,1
38.66948650621387,39,1
100.0000000000321,100,2
72.54545795860136,73,1
0.09105003035221636,0,1
1.0348171565996538,1,1
2.5133419222713336,3,1
0.09739688664900394,0,1
0.12932249764804699,0,1
9.9336379012383,10,1
0.7415888649656536,1,1
16.04953666713422,16,1
90.96186091024869,91,1
99.99999999991623,100,2
100.00000000003271,100,5
99.99999999991631,100,2
99.99999999991611,100,7
5.566102317969235,6,1
100.0000000000326,100,1
100.0000000000324,100,1
100.0000000000323,100,9
11.480811089073677,11,1
99.99999999991596,100,11
99.9999999999149,100,5
100.00000000003115,100,11
100.00000000003122,100,6
0.3382129205978702,0,1
100.0000000000311,100,1
81.95298955515172,82,1
97.63218843764673,98,1
0.401786290638388,0,1
0.2965494466367617,0,1
0.34329883778673215,0,1
0.056872118134990005,0,1
92.81995549365209,93,1
100.00000000003182,100,3
0.07814065599131807,0,1
97.70700807239065,98,1
0.40104004714024394,0,1
46.61132559735465,47,1
100.00000000003159,100,1
100.00000000003139,100,1
13.132589482112934,13,1
100.00000000003399,100,2
0.24943336272241415,0,1
0.2992671162490219,0,1
94.72320464426302,95,1
99.99999999991755,100,1
100.00000000003378,100,5
1.8398228811806274,2,1
12.556981581701862,13,1
72.5913050437723,73,1
99.99999999991743,100,1
96.81054247109238,97,1
0.2767815789473684,0,1
100.00000000003422,100,1
100.0000000000343,100,2
100.0000000000341,100,1
100.00000000003415,100,2
5.243994073987287,5,1
0.23632863026236337,0,5
100.00000000003418,100,3
0.21437374603138631,0,1
3.994402295321948,4,1
5.98555257440097,6,1
3.0163862931817405,3,2
0.6660804772311472,1,1
0.05747906941109755,0,1
99.99999999991638,100,3
3.0281790475491293,3,1
100.0000000000328,100,1
1.8319214023836243,2,1
100.00000000003357,100,1
0.05062955753160961,0,1
96.46308665013436,96,1
99.99999999991711,100,1
100.00000000003332,100,2
0.1551142290768082,0,1
0.07390564018361864,0,1
0.168053329697997,0,1
100.0000000000332,100,1
100.0000000000356,100,1
84.52678554721493,85,1
100.00000000003561,100,2
100.00000000038473,100,5
0.1349907587259606,0,1
100.00000000003553,100,2
0.6472329777238703,1,1
100.00000000003556,100,3
15.279150508151309,15,1
100.00000000003627,100,1
100.00000000015272,100,15
0.652937543429884,1,1
100.00000000003637,100,3
99.99999999980338,100,5
7.076449002634548,7,1
99.78997084822369,100,1
99.99999999991954,100,7
6.138616001917,6,1
0.07566062418803925,0,1
100.00000000003601,100,4
99.9999999998032,100,8
1.640881738834794,2,1
6.458387764303232,6,1
100.00000000003493,100,1
0.6528406084612163,1,1
94.20122984956228,94,1
0.3647518543576693,0,1
0.20074284570487624,0,1
3.008427876873031,3,1
0.14658992022138617,0,1
0.6704183341554515,1,1
99.99999999991894,100,7
100.0000000000354,100,1
4.551562301662278,5,1
99.99999999991903,100,1
100.00000000003526,100,3
95.30478429334386,95,1
0.7690097608762606,1,1
3.4824643283413996,3,1
99.65361839650083,100,1
0.43288991585503644,0,1
35.44855252966869,35,1
6.9250084531705935,7,1
74.98601187302557,75,1
1.3401162850314567,1,1
100.00000000003763,100,1
0.3394077760136933,0,1
96.1874881106763,96,1
100.00000000038673,100,2
0.06498277032010791,0,1
0.1758054015143523,0,1
100.00000000003739,100,1
100.0000000000381,100,2
93.92966355806351,94,1
5.727810094820568,6,1
100.00000000003817,100,3
27.756626523432004,28,1
100.00000000003806,100,5
2.4077121216972106,2,1
100.00000000003786,100,1
98.34245510594091,98,1
3.631531178047308,4,1
99.99999999992153,100,1
100.00000000003794,100,1
83.70542620036811,84,1
100.00000000003682,100,1
100.00000000015305,100,7
0.7663063989925654,1,1
85.52177705709244,86,1
2.368429451088901,2,1
100.00000000003656,100,4
100.0000000000364,100,1
98.0614699795484,98,1
1.4217442141829602,1,1
3.562416609626103,4,1
48.7166018504316,49,1
100.00000000003718,100,1
0.20380630775999517,0,1
0.24877207244349914,0,1
4.626381851730325,5,1
4.934206528753803,5,1
100.00000000003698,100,4
8.861500050928809,9,1
100.00000000003683,100,3
0.2658761932689946,0,2
0.19300342711919682,0,1
0.5488971730776743,1,1
100.00000000003952,100,1
77.44316082672482,77,1
41.88379131457081,42,1
99.99999999992312,100,4
6.7152595206087184,7,2
79.27367821456205,79,1
92.61642629855082,93,1
0.811079175556686,1,1
100.00000000003932,100,11
1.1686733067208208,1,1
99.99999999992272,100,3
0.3316177791932008,0,1
77.21550504893354,77,1
100.0000000000392,100,5
0.345493208970391,0,1
100.00000000015636,100,1
91.73585121372294,92,1
100.00000000003999,100,1
97.52331411251348,98,1
98.36001537553997,98,1
1.3688876926728595,1,1
3.957835005142122,4,1
0.17440351277551605,0,1
2.3315710896917925,2,1
100.00000000003959,100,3
99.99999999992323,100,5
23.95150394542194,24,1
99.99999999980683,100,5
99.99999999992215,100,3
24.134027861014076,24,1
25.354850490034984,25,1
100.00000000003853,100,11
100.00000000003834,100,3
99.99999999992198,100,5
2.6567894259309526,3,1
0.16871225746481391,0,1
1.6033573090451292,2,1
7.907664985892003,8,1
100.00000000003905,100,2
100.0000000001555,100,2
0.2599975295465157,0,1
0.6783778366211549,1,1
0.24372548521939566,0,1
0.012913352002387173,0,1
32.36360783337959,32,1
4.412602787361776,4,1
88.41681757623019,88,1
0.3226607248005917,0,1
1.3738544466142808,1,1
6.784522894671782,7,1
100.0000000000411,100,3
3.3766914919465716,3,1
83.61184113884464,84,1
99.99999999969177,100,2
1.0238941334394933,1,1
99.99999999992536,100,2
0.7135947189587626,1,1
100.00000000004161,100,5
100.00000000004164,100,3
100.0000000000417,100,1
50.53039556388265,51,1
100.00000000004154,100,2
0.6838426683922268,1,1
95.1965448318196,95,1
89.57267247712944,90,1
0.1664669721282541,0,1
100.00000000004043,100,1
88.28867166909129,88,1
97.48903822894037,97,1
0.40219155712158505,0,1
0.2630954362166393,0,1
0.7264068036797983,1,1
100.00000000027288,100,1
93.94198108370064,94,1
100.00000000004088,100,1
21.17820340545927,21,1
1.2334041318454203,1,1
1.167423999123502,1,1
70.45801371061971,70,1
42.17149323260539,42,1
88.87768257234903,89,1
97.22143283900245,97,1
38.73241138591857,39,1
100.0000000000431,100,2
2.1860320439529004,2,1
0.3162377641546188,0,1
8.76960257572908,9,1
0.13046637700594801,0,1
0.44196308774858556,0,1
1.0383117587772959,1,1
100.00000000004276,100,2
93.48656363488092,93,1
2.0268364168150055,2,1
75.8094725025503,76,1
99.9999999999264,100,1
0.31494415686559374,0,1
0.6544279987627383,1,1
0.9302818201490947,1,1
4.352595835815755,4,1
100.00000000004346,100,1
59.75785172603344,60,1
1.350855929883598,1,1
100.00000000004219,100,1
0.21462306855465127,0,1
100.00000000004209,100,13
0.03643364854284476,0,1
17.14599539609745,17,1
1.6415944430154465,2,1
0.19637114620905863,0,1
99.99999999992542,100,1
0.39469353532186535,0,1
10.878820609423347,11,1
0.0536370884732585,0,1
2.1087498175307013,2,1
0.7308226280789595,1,1
0.7579596829645951,1,1
1.3688311918355986,1,1
65.36983323588014,65,1
99.99999999992602,100,3
0.2827884925865584,0,1
100.0000000000423,100,3
99.99999999992593,100,1
34.330373384369246,34,1
0.9967614830229928,1,1
94.98090107380939,95,1
76.88454630131606,77,1
100.00000000004479,100,2
3.2808170785489623,3,1
100.0000000000447,100,2
99.99999999992815,100,3
100.00000000004464,100,6
0.17903159295658364,0,1
51.9132901242854,52,1
86.94877980043435,87,1
100.00000000004536,100,1
100.0000000000454,100,7
100.00000000004543,100,1
63.156192054518066,63,1
0.35384502844739174,0,1
1.1237356102225184,1,1
91.00684891406303,91,1
100.00000000004503,100,1
9.311455189162462,9,1
1.1451710518249552,1,1
78.96614307418359,79,1
0.21112664432142403,0,1
0.5996142010807648,1,1
100.00000000016038,100,1
0.4644296666388054,0,1
0.7203389850122158,1,1
76.31663383567808,76,1
91.60319803958329,92,1
100.00000000004452,100,13
94.79792993000453,95,1
100.00000000004422,100,3
99.99999999992782,100,8
100.00000000004425,100,2
100.00000000004677,100,3
80.55423094079975,81,1
99.9999999999304,100,1
100.00000000027964,100,1
100.00000000039586,100,2
9.110981571156994,9,1
0.3051013978359689,0,1
0.26048018907388476,0,1
3.42716389716606,3,1
80.31866977380305,80,1
1.1658368787906288,1,1
0.43689956801924973,0,1
11.318192717463587,11,1
0.27382243981118354,0,1
0.8222505623586438,1,1
62.20916195075495,62,1
1.161317299228663,1,1
0.1174728032420722,0,1
92.46346594461778,92,1
5.073055142155216,5,1
4.601967871931446,5,1
14.528623968544343,15,1
29.00867118393299,29,1
100.00000000004692,100,4
100.00000000004576,100,2
1.212191895065303,1,1
0.15110315333887048,0,1
100.00000000004563,100,4
61.893399470295115,62,1
0.40799411387831136,0,1
4.145720869273658,4,1
0.07621812078986163,0,1
0.29658759069316226,0,1
0.13667670628617004,0,1
99.99999999981354,100,2
2.5198857578208655,3,1
0.2490675251588628,0,1
97.52718926869056,98,1
95.87122854991365,96,1
94.67610725102948,95,1
9.768056748666876,10,1
99.99999999992953,100,1
99.99999999969673,100,2
0.10187716459252975,0,1
0.6081030550771719,1,1
9.871932115282826,10,1
95.80965017451844,96,1
100.00000000016485,100,2
0.22528601213036725,0,1
0.73246442899917,1,1
98.45575228413425,98,1
99.99999999993182,100,1
0.9245032242910823,1,1
99.99999999993258,100,4
0.20031822245935735,0,1
61.735223678399564,62,1
3.8529332858834295,4,1
0.9242202048699741,1,1
0.3542920027553436,0,1
90.19548360344307,90,1
0.15792338903545813,0,1
100.00000000004765,100,7
8.86950133250098,9,1
0.10101893394729806,0,1
100.00000000004745,100,2
0.15901862128823205,0,1
0.49248857449348027,0,1
8.125514343078654,8,1
85.8503506096298,86,1
100.00000000004749,100,2
100.00000000004734,100,1
23.204985760162756,23,1
100.00000000004809,100,1
0.3045558010356076,0,1
0.20435921850999791,0,6
2.2030119856515067,2,1
5.838202011573227,6,1
26.843621395798305,27,1
99.99999999993155,100,1
0.5104131084824771,1,1
1.191415581059704,1,1
22.390143963500904,22,1
99.99999999993399,100,2
7.289570462296489,7,1
0.36536234007430146,0,1
100.00000000005018,100,5
100.00000000005016,100,6
100.0000000000501,100,6
56.111005834397545,56,1
13.48647565218683,13,1
1.27076865862927,1,1
99.9999999999342,100,1
100.00000000005052,100,2
51.878868938937615,52,1
100.00000000016695,100,4
0.1018588791932146,0,1
77.8137718707407,78,1
99.99999999993314,100,3
24.61812951591825,25,1
99.99999999993298,100,1
2.1288605875458213,2,1
100.00000000004927,100,3
0.35360055761487985,0,1
6.821714257411021,7,1
76.42696496804278,76,1
80.73506514825635,81,1
1.5262210172952555,2,1
100.0000000000492,100,1
81.59303112159452,82,1
4.659419926404755,5,1
99.99999999993352,100,1
2.369168186728835,2,1
0.6199470092140206,1,1
2.3694584045155036,2,1
13.919466003806798,14,1
0.1013933046077467,0,1
87.35108362940328,87,1
2.3759790833389247,2,1
99.99999999993318,100,13
8.241401913167321,8,1
0.291946977559272,0,1
0.43132970483707195,0,1
100.00000000005211,100,2
82.41054465706476,82,1
0.24355327945841096,0,1
0.934476149453541,1,1
99.0442481497109,99,1
100.00000000005195,100,2
2.1172042624266387,2,1
54.953821511020074,55,1
100.00000000005258,100,2
100.00000000005261,100,2
83.04490315866771,83,1
0.27851886398337444,0,1
0.19489779983403627,0,1
32.638003899605415,33,1
0.2557985281824362,0,1
0.2211567383068348,0,2
0.3896058561744053,0,1
0.5246669654132902,1,1
0.5530345224176391,1,1
84.34929389615911,84,1
1.2163603878912514,1,1
50.177542327925686,50,1
5.318668696017595,5,1
0.1806054278577888,0,1
86.27236545650854,86,1
0.11046154927198612,0,1
20.121886244420708,20,1
0.557359058976035,1,1
100.00000000005103,100,2
22.80288179048043,23,1
0.044456649646268435,0,1
4.143037388135934,4,1
0.10517512423210457,0,1
1.4071825201792307,1,1
100.00000000016811,100,2
2.95710674021603,3,1
99.71874698047955,100,1
99.99999999993497,100,2
7.021309330551788,7,1
0.0687238958095224,0,1
0.7120198134080006,1,1
100.00000000005147,100,2
100.000000000054,100,5
0.2354721059680543,0,1
0.4641915657482296,0,1
0.030421347850321162,0,1
100.00000000005389,100,1
87.65115297479117,88,1
0.8196734656099418,1,1
51.38277775713262,51,1
100.00000000005384,100,1
99.99999999993744,100,1
0.06726869568094558,0,2
0.6897645388641814,1,1
0.12525879042412008,0,1
1.6153047668816782,2,1
0.0878460564525188,0,1
20.474982388438708,20,1
0.05814428802198374,0,1
1.012015524313987,1,1
0.19957762433920165,0,1
7.226080068649397,7,1
0.310886693631255,0,1
12.305929803074326,12,1
100.00000000005431,100,4
0.16297992963984728,0,1
100.00000000005411,100,4
91.78120955199587,92,1
100.00000000005416,100,1
99.99999999993773,100,1
0.17652621187648085,0,1
92.90974042842304,93,1
2.575426454302477,3,1
100.00000000028587,100,1
5.994170768350668,6,1
0.6547219830237745,1,1
100.00000000005286,100,6
81.30162222728039,81,1
0.2978274357435641,0,1
0.34927316145004295,0,1
99.99999999993642,100,1
99.47149396596637,99,1
6.041177009147439,6,3
20.271903379266387,20,1
100.00000000005353,100,4
99.99999999993712,100,2
96.80510569669141,97,1
100.00000000005332,100,1
98.48111264674235,98,1
0.3237300858691332,0,1
0.11044260794759538,0,1
2.254948034666669,2,1
100.00000000005329,100,1
45.669863374815975,46,1
0.9931031321334322,1,1
0.6079795397701429,1,1
0.4074677516877868,0,1
57.17671889823447,57,1
17.89399436817209,18,1
79.25406652665386,79,1
37.489226974511645,37,1
18.442026317990067,18,1
99.99999999993918,100,4
98.2223949581147,98,1
0.2989016213612941,0,1
1.6286639026492764,2,1
91.58905855953485,92,1
0.2713638357391383,0,1
92.30761460427998,92,1
0.6559761105350398,1,1
12.50827025997058,13,1
42.66575788070588,43,1
99.99999999993842,100,6
66.3384086062657,66,1
2.669075043895794,3,1
99.99999999982188,100,2
29.504314824597532,30,1
85.62522428580169,86,1
0.9517841768125302,1,1
0.3655883944467212,0,1
100.00000000028746,100,8
0.12037616027416129,0,1
1.041849414640711,1,1
100.00000000005546,100,2
99.86157759517049,100,1
3.526797550024167,4,1
32.12448550359988,32,1
10.786637036949925,11,1
11.262324025823885,11,1
0.7658602377825099,1,1
100.0000000000551,100,2
0.10804093996781954,0,1
3.508541210040135,4,1
0.2333468710108078,0,1
8.212130929205145,8,1
0.1284223516372859,0,1
100.00000000005738,100,3
0.2556938623598502,0,1
100.00000000005811,100,2
25.987138857500184,26,1
96.98827366280932,97,1
97.78135915713271,98,1
100.00000000005815,100,13
0.38445957446808515,0,1
0.5847901513749096,1,1
0.2197067057445766,0,1
99.99999999994137,100,1
0.059633736881244646,0,1
2.612656515586072,3,1
0.4121145874143621,0,1
14.769939597798002,15,1
0.2807012510566879,0,1
0.5562760209632968,1,1
67.54432108162091,68,1
89.4746370328571,89,1
77.61702715567549,78,1
0.11732719112862972,0,1
99.99999999994058,100,2
11.176493598939459,11,1
1.4741477031856796,1,1
0.25516381655015874,0,1
0.9977970629577495,1,1
84.30084433294375,84,1
99.1857409561843,99,1
0.6572825051022855,1,1
100.00000000017583,100,1
1.5561583884118284,2,1
3.558755348802282,4,2
3.7848048073839733,4,1
16.93322741418083,17,1
0.4463172684511725,0,1
0.06845228329288373,0,1
0.09770980563013024,0,1
0.2555954171060239,0,1
0.08081215239377675,0,1
0.2991170864296297,0,1
3.540061444855195,4,1
9.733468240491591,10,1
0.9233308754925668,1,1
84.93625092914922,85,1
99.9999999999419,100,6
100.0000000001748,100,3
12.926622995785861,13,1
0.6421938406664238,1,1
2.0858411820808844,2,1
39.549815888887174,40,1
0.20056955341737856,0,2
0.21630783693699493,0,1
100.00000000005886,100,1
100.00000000005866,100,1
99.99999999994235,100,2
11.47623223838545,11,1
64.17498048136875,64,1
0.1821344119288157,0,1
0.2825650746268656,0,1
99.99999999994479,100,1
100.00000000006122,100,17
20.060808600908906,20,1
0.6091789913544325,1,1
6.39998774013925,6,1
99.9999999997117,100,2
2.2765169918798946,2,1
99.99999999982816,100,3
100.00000000017803,100,3
2.3500630789061856,2,1
9.203705510029273,9,1
0.17996927118825073,0,1
0.5973129780670983,1,1
55.24425319628769,55,1
0.0448822882625658,0,1
0.21357625975562955,0,1
0.100292884124665,0,1
4.4859476114873775,4,1
9.489543803410019,9,1
0.4510200504678488,0,1
75.64755121025996,76,1
0.3024238184192925,0,1
0.3854146082219041,0,1
0.1950815886065057,0,1
0.632727519562423,1,1
3.9948273233388427,4,1
0.4993729380997227,0,1
0.15136138420258358,0,1
100.00000000006082,100,3
0.4978982457897728,0,1
0.26305730999742216,0,1
19.513560977626934,20,1
0.03977497349135924,0,1
100.00000000006055,100,2
88.78566215505647,89,1
99.99999999994414,100,2
93.41353957624801,93,1
99.99999999994674,100,3
11.048617259536195,11,1
5.879864525908751,6,1
2.518110052393926,3,1
1.4477242013470712,1,1
86.41917369616019,86,1
4.36645177065752,4,1
9.399060330266307,9,1
0.08889035734588395,0,1
0.43517628249822254,0,1
0.6106834597471082,1,1
99.99999999994711,100,1
0.43619048853598097,0,1
0.27700196908158237,0,1
99.99999999994694,100,1
21.242160663897444,21,1
99.99999999994577,100,6
99.99999999994579,100,12
80.25711860834048,80,1
99.99999999994574,100,1
94.34392307856963,94,1
0.9324400556597294,1,1
15.089854205333566,15,1
0.2490558311650608,0,1
99.05503805556808,99,1
0.8308089611762137,1,1
99.15050193613015,99,1
99.99999999994623,100,1
92.79486994738494,93,1
0.23914779403921158,0,1
0.2513041900877026,0,1
8.488401139648696,8,1
99.99999999994621,100,1
99.99999999994601,100,5
0.2667114811941806,0,1
43.811280000000004,44,1
7.395859022666077,7,1
99.99999999994839,100,2
1.2341741629057537,1,1
99.99999999994843,100,5
100.0000000000649,100,2
0.4507811724072555,0,1
2.0543024856190875,2,1
81.9305556923617,82,1
68.0617093916291,68,1
0.37659348959414357,0,1
1.8693425358941629,2,1
0.36406369717884846,0,1
56.47502890488691,56,1
2.102756077566098,2,1
100.00000000018174,100,2
68.26100624988202,68,1
97.2962448133034,97,1
100.00000000006509,100,1
35.0785679838728,35,1
0.17020492990565475,0,1
100.00000000006392,100,1
84.85216523593087,85,1
79.00664764059125,79,1
4.911104666253346,5,1
68.42485994687539,68,1
99.99999999994745,100,3
58.129535827378774,58,1
0.027122029168959762,0,1
0.61048506332644,1,1
0.042517297321029456,0,1
0.3697312646848604,0,1
99.99999999994775,100,4
0.7820592522364018,1,1
0.9994922104971043,1,1
30.83134372624743,31,1
0.2762967782370776,0,1
99.99999999995042,100,3
12.213695247778508,12,1
0.8188717923732212,1,1
85.16906425523646,85,1
17.17487788839478,17,1
12.457508176635677,12,1
0.15433990657849372,0,1
11.506056470623802,12,1
12.331735432396192,12,1
99.9999999999508,100,1
0.2866685893191172,0,1
1.6704501670703653,2,1
0.17146172319224678,0,1
0.030422888261954426,0,1
99.99999999995062,100,1
100.00000000018343,100,2
100.00000000006692,100,1
3.2824317265150262,3,1
0.2923922174041381,0,1
98.26411140239175,98,1
25.060329447526914,25,1
99.99999999994942,100,1
0.9266925053361956,1,1
0.3306906074236681,0,1
95.57541785128586,96,1
17.420502921869762,17,1
15.33278137610346,15,1
0.8208463472912789,1,1
0.20692624568319104,0,1
99.09303053527249,99,1
0.29905645473265186,0,1
99.99999999994996,100,2
1.1255136641185666,1,1
99.99999999994984,100,3
99.99999999994985,100,1
19.456904508252652,19,1
4.84187411298334,5,1
1.6171069864741123,2,1
64.95861406170931,65,1
90.4646885058439,90,1
0.391662606507753,0,1
99.99999999995218,100,5
21.894899758031112,22,1
0.21470504480955496,0,1
0.36255535785259235,0,1
99.99999999995192,100,14
6.182635266207564,6,1
80.77025372065602,81,1
0.07453340313870616,0,1
0.48592991553638687,0,1
99.99999999995259,100,1
9.145273234298768,9,1
0.19932744312250117,0,1
4.219795735171314,4,1
0.61691545595147,1,1
99.99999999995256,100,1
91.68324259263497,92,1
7.879906857857814,8,1
99.99999999995133,100,1
25.92722755308875,26,1
0.13889845928099778,0,1
0.21594343922985865,0,1
0.20212189315457083,0,2
0.3934561510494374,0,1
44.40338642879873,44,1
99.99999999995164,100,6
5.292488011605051,5,2
100.00000000006794,100,2
4.182883687285962,4,1
2.2074385249249677,2,1
99.9999999999514,100,4
100.00000000007043,100,1
9.313522914585059,9,1
41.48365875998769,41,1
99.99999999995387,100,1
97.86708058508425,98,1
4.8240443682338245,5,1
98.45503281446723,98,1
19.448660805805943,19,1
29.59269889516308,30,1
10.445490664066334,10,1
78.66009766254535,79,1
1.5964546699785,2,1
17.23584713323103,17,1
99.99999999995413,100,4
100.00000000007059,100,7
6.085905626365346,6,1
100.00000000006948,100,1
8.955859773272898,9,1
1.106499155023682,1,1
1.3456000074996115,1,1
0.12446828025477706,0,1
3.3995488076257288,3,1
12.891890659127803,13,1
95.02019918245715,95,1
83.01875104373056,83,1
36.58841053981648,37,1
0.3191656302348675,0,1
9.135984149324953,9,1
0.23659404737500664,0,1
3.9373470367828936,4,1
0.25314003316042244,0,1
99.99999999995345,100,4
33.617528515257625,34,1
57.67173371287944,58,1
4.117703349610099,4,1
0.5578889825230957,1,1
83.74870760732857,84,1
99.99999999995323,100,6
99.99999999995579,100,2
0.18288638891883977,0,1
0.012356283414268142,0,1
0.7179336250029886,1,1
99.99999999995572,100,17
85.47373702770176,85,1
100.000000000072,100,3
0.29843448911443304,0,1
0.01754845599069772,0,1
92.84825557174918,93,1
0.19547703313740225,0,2
100.00000000007267,100,1
92.77622627171027,93,1
4.29111305525016,4,1
1.7608330421483347,2,1
99.99999999995592,100,1
1.0883687679376661,1,1
100.0000000001877,100,7
0.08220226143123376,0,1
10.70327579740481,11,1
100.00000000007113,100,5
99.9999999998383,100,2
0.43237670209948603,0,1
91.94890841692319,92,1
79.59367106203925,80,1
99.99999999983832,100,8
99.99999999995455,100,28
0.26843220256028016,0,1
0.20274168969024406,0,1
100.00000000007164,100,3
52.50363916114414,53,1
0.3864984200269841,0,1
0.41815115664620955,0,1
68.1357637390082,68,1
0.7717876183845905,1,1
14.4195410610941,14,1
99.99999999995764,100,5
59.24927382206033,59,1
4.490936236805179,4,1
63.56486987985392,64,1
99.9999999999573,100,2
4.350453593738248,4,1
87.54980963679377,88,1
70.5411044431469,71,1
98.74884577111975,99,1
0.30586993478944324,0,1
95.05400629447043,95,1
44.29394376173704,44,1
5.00966856669114,5,1
23.624877241643404,24,1
100.00000000007432,100,6
100.00000000007412,100,1
100.00000000007421,100,1
99.99999999995673,100,2
5.560264035088725,6,1
6.072844220322169,6,1
0.2222376865152858,0,1
99.99999999995637,100,10
4.560566037380279,5,1
99.9999999999564,100,3
99.99999999995718,100,3
0.9256270998488528,1,1
50.28186547982334,50,1
0.33769359483834227,0,1
6.035283726064008,6,1
99.99999999995694,100,2
95.55101737895532,96,1
0.9652580104851884,1,1
99.99999999995944,100,1
0.24899439992189815,0,4
11.129403303064787,11,1
0.27390242686044014,0,1
96.59949871850154,97,1
100.00000000007576,100,1
0.9983563096400189,1,1
88.70980519735694,89,1
0.5808707087896364,1,1
0.5103832439127655,1,1
0.27353206236633454,0,1
0.04332784549210594,0,1
94.6318200924473,95,1
0.3658037274205365,0,1
96.05979016195177,96,1
92.87506901803717,93,1
100.00000000007614,100,3
24.513499853941553,25,1
0.5816415106000882,1,1
99.99999999995963,100,2
1.8988450175126383,2,1
11.637535306998679,12,1
100.00000000007499,100,1
0.6028981269710858,1,1
69.90719588421697,70,1
52.4476974653867,52,1
100.00000000007476,100,2
0.3105426137679561,0,1
100.00000000030744,100,2
99.99999999995886,100,1
0.2934056819046322,0,1
84.06855494716935,84,1
0.21229633695957947,0,1
100.00000000007515,100,1
0.0181155,0,1
1.428490122001979,1,1
99.99999999995862,100,8
1.712456311260891,2,1
0.16420815931075344,0,1
99.9999999999613,100,2
95.53199725776138,96,1
95.3749340635616,95,1
99.9999999999612,100,5
0.6440781553272933,1,1
0.32985235200244034,0,2
99.9999999999611,100,8
0.14507542918520439,0,1
98.50956168211005,99,1
98.39725420979359,98,1
1.389791433332414,1,1
0.23801052696739677,0,2
30.2836909452797,30,1
0.2933761125408182,0,1
0.21163910206345027,0,2
99.99999999996163,100,1
83.83411722669966,84,1
99.99999999996164,100,1
0.16869828443482704,0,1
100.00000000007807,100,2
99.99999999996136,100,2
0.3422282570666803,0,1
7.111752856257332,7,1
9.191975828340578,9,1
0.1366790670090932,0,1
2.888794594942533,3,1
97.387294715627,97,1
0.1670810849840448,0,1
89.42394334618231,89,1
0.18679565463326922,0,1
0.018130851345642414,0,1
99.99999999996086,100,1
0.22262518526483627,0,1
99.99999999996076,100,3
15.7621809079574,16,1
0.1164465352472104,0,1
0.071222672167518,0,1
10.305994822972712,10,1
0.3852799656649472,0,1
100.00000000019331,100,3
98.35357198881653,98,1
99.9999999999605,100,4
99.99999999984665,100,9
81.47064524030058,81,1
0.11082105069351855,0,1
0.9175285736142791,1,1
0.4543955091938922,0,1
0.42253058377342756,0,1
0.6659605528212958,1,1
0.015083657512770169,0,1
77.64141431876644,78,1
99.99999999996272,100,3
100.00000000007915,100,1
3.6897459397539327,4,1
99.99999999938133,100,1
99.99999999996344,100,3
68.01042993060771,68,1
0.2549494897123371,0,2
13.366267533422189,13,1
82.69056,83,1
99.99999999996317,100,2
0.4273678312726077,0,2
99.99999999996322,100,1
0.5413794054256734,1,1
99.99999999996326,100,3
76.06214301631869,76,1
5.999208831261841,6,1
4.475976489896132,4,1
55.47790033410682,55,1
0.1097489611637034,0,1
99.99999999996201,100,1
99.9999999999618,100,9
1.4766809205724536,1,1
1.136137246110141,1,1
0.20033714285714282,0,1
99.99999999996263,100,2
0.5103089029519287,1,1
0.13042604900514063,0,1
100.00000000007907,100,13
0.814073579006111,1,1
0.44046233273897695,0,1
99.99999999996253,100,6
19.2222321039819,19,1
99.99999999996255,100,3
66.06172612217894,66,1
99.9999999999624,100,4
1.5481475469707402,2,1
99.99999999996247,100,7
91.88307471727222,92,1
2.9251285472195283,3,1
14.180284874080327,14,1
100.00000000008117,100,9
19.956963351824196,20,1
2.9179500670022347,3,1
99.99999999996537,100,3
0.5767152377529245,1,1
0.16728723973201637,0,1
0.4621406963957504,0,1
0.06909675759835888,0,1
99.9999999999651,100,2
0.7213909588027021,1,1
6.644386122196268,7,1
0.4353796377558117,0,1
99.99999999996405,100,2
16.931144882832953,17,1
5.347490602334369,5,1
100.00000000008033,100,6
87.1376342203042,87,1
80.5275681842854,81,1
0.10867133125179047,0,1
14.493058254292754,14,1
78.29495592139628,78,1
51.31768424063596,51,1
3.887826291590458,4,1
89.28904596622603,89,1
1.0423529879057845,1,1
17.192339747571246,17,1
87.16581054066569,87,1
100.00000000019718,100,1
32.727684250470496,33,1
99.9999999999644,100,13
100.0000000000808,100,2
1.0992264115675978,1,1
0.6021138234389289,1,1
99.99999999961496,100,1
99.99999999996425,100,2
100.00000000008069,100,1
0.4965681363549675,0,1
6.381755942433097,6,1
98.15222139936417,98,1
99.99999999996409,100,2
99.9999999999641,100,1
0.7337653572089413,1,1
0.7485752368326026,1,1
3.30926148697767,3,1
0.2371710588615236,0,1
99.99999999996679,100,2
68.28152808178311,68,1
2.184339582011594,2,1
100.00000000008302,100,1
0.2400012953575608,0,1
0.13703353826077863,0,1
88.42674565629765,88,1
2.0398456449821647,2,1
99.99999999996653,100,3
96.14647525027301,96,1
99.99999999996642,100,2
0.230863768336141,0,1
100.00000000008356,100,5
0.228843187240339,0,2
4.11138773383685,4,1
99.5133813000687,100,1
100.00000000008353,100,2
100.00000000008333,100,1
99.99999999996699,100,9
1.4918721251593614,1,1
99.999999999967,100,5
77.32719715573441,77,1
86.09517358255854,86,1
100.00000000008225,100,2
6.352824249544256,6,1
99.99999999996577,100,21
0.3093635357961755,0,1
8.02706050851196,8,1
99.9999999999655,100,1
0.8629229236120438,1,4
0.303902857473568,0,1
9.434264040124454,9,1
0.9338181396477865,1,1
0.03274472878998609,0,1
2.2727934854703538,2,1
95.054460786388,95,1
0.10840429331753279,0,1
6.380900561015346,6,1
98.97164682566164,99,1
33.63305509629702,34,1
6.54673597789011,7,2
0.10365698622753478,0,1
0.21433883647135446,0,1
84.63395924583166,85,1
85.63985255689309,86,1
99.35812556489965,99,1
0.03542411732753938,0,1
100.00000000008475,100,1
50.19158425611911,50,1
2.9574761444563715,3,1
3.001376272001592,3,1
6.493994391313366,6,1
99.99999999996896,100,5
47.92100910965182,48,1
99.999999999969,100,4
99.99999999996885,100,4
0.38996501424725855,0,1
91.70101591971715,92,1
5.25885,5,1
0.36020348174227595,0,1
95.63481988768164,96,1
0.3301325598057602,0,1
4.213828375162508,4,1
2.1094518320604916,2,1
0.2885523551106434,0,1
0.30575517721468193,0,1
0.18896473569578037,0,1
99.99999999996751,100,18
88.22440840587777,88,1
1.8266798063964678,2,1
2.2159728233155764,2,1
99.99999999996734,100,1
0.3557578719920447,0,1
57.93175689605269,58,1
99.9999999999681,100,3
99.999999999968,100,1
100.00000000008443,100,2
1.8793246067901306,2,1
0.3382932168473409,0,1
100.00000000008413,100,1
0.9787254391056374,1,1
1.746512667341304,2,1
51.38566706990111,51,1
0.08956080091299042,0,1
100.00000000008664,100,1
1.111167015604205,1,1
99.99999999997031,100,8
79.66574277086613,80,1
99.99999999997013,100,1
8.655624106649437,9,1
99.99999999997019,100,15
98.27161937131525,98,1
99.99999999997007,100,2
3.054323992395693,3,1
100.00000000008723,100,1
0.6973279092528157,1,1
99.99999999997073,100,4
0.06147076997084658,0,1
99.99999999997057,100,2
0.2433906866174347,0,1
0.5907210190674524,1,1
0.23150333701044615,0,1
100.00000000008689,100,2
99.99999999997051,100,1
78.078751624295,78,1
99.99999999996942,100,1
2.1549413168855938,2,1
53.067151771368934,53,1
11.936902598868459,12,1
90.94257345220957,91,1
3.3105077645471424,3,1
1.409148060335938,1,1
99.99999999996923,100,13
0.21669059966788443,0,1
2.510916671413192,3,1
8.423803015711416,8,1
100.00000000008636,100,5
0.625381705247188,1,1
0.36689077212346544,0,1
99.99999999985336,100,1
26.434324684756543,26,1
76.90157283080237,77,1
75.14583501406963,75,1
0.5865376732366342,1,1
99.99999999996959,100,3
100.00000000008602,100,7
97.9889155460278,98,1
0.2856947368421053,0,1
0.3092564787286487,0,1
99.99999999996962,100,1
3.326261783474431,3,1
99.99999999997216,100,3
0.4355906436951949,0,1
1.2762654423802595,1,1
99.99999999997196,100,3
97.30938583141587,97,1
99.9999999999718,100,1
0.28531178215229364,0,1
3.8729218524404607,4,1
0.26814537438022357,0,1
99.99999999997188,100,3
99.99999999997267,100,3
88.67479081902472,89,1
0.39669917067953164,0,1
99.99999999997254,100,2
81.23401375057564,81,1
0.4943333716749534,0,1
6.511522563211133,7,3
1.3574072575700242,1,1
0.6774662366398788,1,1
0.33025214685136156,0,1
97.83654631320697,98,1
0.8499695722327413,1,1
99.99999999997105,100,3
0.4865428933236686,0,1
84.92548365074977,85,1
99.99999999997108,100,3
1.0468931578060117,1,1
0.09823287273012893,0,1
100.00000000008735,100,2
99.999999999971,100,5
0.02417012107289353,0,1
3.2064604337107214,3,1
100.00000000020461,100,1
2.411958861132635,2,1
99.99999999997162,100,4
3.16866658213581,3,1
99.99999999997165,100,3
0.4555894070775714,0,1
18.318512762115127,18,1
99.99999999997155,100,1
0.3727403569392308,0,1
99.99999999997142,100,2
3.092147837579167,3,1
1.2687909798432162,1,1
0.17706889244807933,0,1
99.99999999997391,100,5
0.27568494483813366,0,1
0.057007072837005936,0,1
100.00000000009017,100,3
8.580104523078388,9,5
93.88263517487462,94,1
83.70611568136545,84,1
99.99999999997439,100,1
99.9999999999742,100,1
99.99999999997424,100,1
1.1740562371959873,1,1
0.20708633017521164,0,1
99.99999999997408,100,2
99.9999999999741,100,7
13.872651931523123,14,1
0.5926633681381989,1,1
0.28980291350330517,0,1
52.31618793345175,52,1
99.99999999997291,100,11
0.19699704405464702,0,1
59.370314842581095,59,1
77.0672343532117,77,1
6.727521370546291,7,1
0.7872582447545793,1,1
11.489133252055975,11,1
0.31342032923492774,0,1
0.8037586497880578,1,1
12.483966332947777,12,1
99.99999999997343,100,1
0.7616683706282948,1,1
0.5726398741021345,1,1
99.9999999999733,100,1
99.94056112995835,100,1
99.99999999997318,100,1
13.535404629498402,14,1
67.67324926258276,68,1
0.1090723548633135,0,1
93.0474069013022,93,1
0.15076637079881616,0,1
0.2325448926459376,0,2
99.99999999997557,100,1
69.33730873824857,69,1
99.99999999997566,100,1
96.22678244910382,96,1
99.9999999999755,100,1
0.5922062644938512,1,1
94.53262705130547,95,1
0.3943096712327334,0,1
97.40097358490239,97,1
0.5487164424812704,1,1
99.99999999997628,100,1
99.99999999997613,100,11
70.64402270955654,71,1
99.99999999997605,100,7
99.9999999999761,100,7
91.76253572215141,92,1
1.1302928258263303,1,1
99.99999999997597,100,3
84.34991095098634,84,1
91.91466184304696,92,1
99.99999999997496,100,1
0.24191995299672875,0,1
99.99999999997478,100,3
99.99999999997465,100,1
1.3015892157092883,1,1
5.899067290613267,6,1
3.464777499893274,3,1
0.06177820195966464,0,1
3.9258109341209604,4,1
99.99999999997524,100,2
0.09360199173968127,0,1
1.471476906502392,1,1
8.03430793449275,8,1
3.237015211508054,3,1
99.9999999999752,100,16
99.99999999997502,100,1
9.941785022295367,10,1
69.8644780496461,70,1
0.08702495015667344,0,1
0.7124524090310337,1,1
99.9999999999775,100,1
99.99999999997753,100,1
0.31249701906526983,0,1
96.99462469251061,97,1
99.99999999997739,100,1
0.6789539866797869,1,1
4.504346472108235,5,1
7.860059407008746,8,1
99.99999999997745,100,1
99.9999999999773,100,7
29.362599669971633,29,1
99.99999999997807,100,3
99.9999999999781,100,11
99.99999999997812,100,5
0.14846335633297297,0,1
12.27756532149086,12,1
99.99999999997804,100,5
99.99999999997786,100,3
86.87998687914585,87,1
0.12923512635049494,0,1
1.4868033167173262,1,1
99.99999999997793,100,7
99.99999999997776,100,5
99.99999999997777,100,1
0.14223552409246037,0,1
31.1713654713038,31,1
99.99999999997782,100,1
0.03626728452267639,0,1
99.99999999997658,100,2
99.99999999997661,100,1
4.3060442752201,4,1
99.99999999997662,100,1
6.1301561883204565,6,1
1.2386020609948485,1,1
0.8209916897321426,1,1
92.42624207276864,92,1
99.99999999997644,100,2
1.0449712000067015,1,1
0.44052612267498037,0,1
99.99999999997723,100,6
99.99999999986083,100,6
99.99999999997704,100,1
0.22079184232316465,0,1
99.99999999997692,100,8
99.999999999977,100,8
99.99999999997684,100,3
18.73215000358721,19,1
1.0351714285714286,1,1
0.10081867532265563,0,1
100.00000000009585,100,1
99.99999999997944,100,6
99.99999999997947,100,9
99.99999999997948,100,1
26.14822854062545,26,1
0.21779371624615698,0,1
99.99999999997934,100,2
99.99999999997911,100,2
0.49803087776532173,0,1
1.1584270307615285,1,1
78.33699383936356,78,1
99.99999999997918,100,2
99.99999999997988,100,2
58.531858604603535,59,1
0.19932918329464952,0,1
0.08055010035010142,0,1
99.99999999997998,100,1
0.23627523709708742,0,1
2.603571723590829,3,1
7.283084251979119,7,1
99.99999999997968,100,8
99.99999999997969,100,1
99.99999999997972,100,1
99.99999999997955,100,9
99.99999999997958,100,1
99.99999999997853,100,3
83.25950605954046,83,1
0.23627523709708834,0,2
99.99999999997843,100,5
99.99999999997846,100,3
0.5177457505559948,1,1
98.84124157709154,99,1
99.99999999997897,100,1
99.99999999997905,100,1
99.99999999997887,100,1
8.831470587633119,9,1
32.00770290542725,32,1
2.0188635223084748,2,1
13.111366179378697,13,1
11.177722748773377,11,1
99.99999999997878,100,2
99.99999999997881,100,4
82.21223871738044,82,1
99.99999999997884,100,2
0.09618254635450413,0,1
0.21949670617583575,0,1
99.9999999999813,100,15
0.21850546725982628,0,1
99.99999999998117,100,2
0.46534639843843867,0,1
0.09447001120839563,0,1
99.99999999998106,100,1
94.34014026839836,94,1
99.99999999998109,100,1
97.60704012274358,98,1
0.42278701614143177,0,1
0.7700600696935795,1,1
99.99999999986453,100,3
99.99999999998097,100,4
1.7300740085737731,2,1
0.28040930642543166,0,1
25.371094489624717,25,1
85.82164368429596,86,1
100.0000000000979,100,1
1.1761500740782205,1,1
0.04278913614156081,0,1
98.9526311408791,99,1
99.99999999998154,100,1
99.99999999998137,100,3
99.99999999998138,100,6
94.31273881802653,94,1
99.99999999998145,100,1
99.99999999998039,100,1
0.12643787336545828,0,1
99.99999999998029,100,2
99.9999999999803,100,1
1.2907476731131713,1,1
99.99999999998,100,6
99.99999999998079,100,10
35.35143346983344,35,1
16.230239777038484,16,1
99.99999999986429,100,1
0.33253491624570564,0,1
99.99999999998074,100,1
99.99999999998076,100,5
0.3093944027164987,0,1
99.9999999999806,100,5
6.469034596913927,6,1
99.99999999998064,100,7
99.99999999998047,100,2
0.6696452538784159,1,1
99.99999999998049,100,2
99.9999999999805,100,6
7.757839484722366,8,1
12.66635941313942,13,1
0.6754592200249699,1,1
78.27472651140235,78,1
99.999999999983,100,1
99.99999999998286,100,1
99.99999999998289,100,1
99.99999999998293,100,8
11.085673654274697,11,1
24.695376275373604,25,1
77.58643296640693,78,1
99.99999999998353,100,1
11.429512908739236,11,1
99.99999999998357,100,2
99.99999999998359,100,2
99.9999999998672,100,8
0.1574494349594413,0,1
99.99999999998344,100,2
99.99999999998349,100,1
0.15132859972316615,0,1
3.363289523866725,3,1
2.530093987459172,3,1
22.82555537157223,23,1
99.99999999998333,100,1
99.99999999998334,100,1
11.225309176043607,11,1
99.99999999998319,100,5
46.8187508575507,47,1
99.99999999998327,100,1
99.9999999999822,100,1
0.33746455630554334,0,1
99.99999999986579,100,2
99.99999999998222,100,1
99.99999999974939,100,1
99.99999999998224,100,1
99.99999999998225,100,7
94.58287110946894,95,1
99.99999999998208,100,2
84.14705767886673,84,1
100.00000000009854,100,6
99.99999999998192,100,2
99.99999999998197,100,10
16.235428897713373,16,1
0.10440042654282658,0,1
99.99999999998191,100,4
1.4983927878790102,1,1
74.16664169443708,74,1
1.0068201613054495,1,1
99.9999999999827,100,2
0.12196085207217443,0,1
99.99999999998252,100,11
0.20949987265017422,0,1
1.1600029614587706,1,1
99.99999999974956,100,2
99.9999999999824,100,2
23.383419416524003,23,1
99.99999999998246,100,1
100.0000000000987,100,8
99.99999999998226,100,2
19.73057411090838,20,1
99.99999999998491,100,1
99.99999999998495,100,11
100.00000000010125,100,3
90.82468330413175,91,1
99.99999999998487,100,4
34.928607381629924,35,1
65.28525884475607,65,1
0.12657774193548388,0,1
99.99999999998471,100,2
99.99999999998474,100,1
2.730659400101039,3,1
99.99999999998454,100,3
31.559525726748127,32,1
0.6147574415728126,1,1
99.9999999999846,100,4
92.21430482865941,92,1
51.113344688087615,51,1
99.99999999998464,100,9
0.24266743139354938,0,1
99.9999999999854,100,3
99.99999999998543,100,2
99.99999999998525,100,2
0.6992569915207346,1,1
3.021018019911743,3,1
99.99999999998515,100,17
0.20458870105995852,0,1
99.9999999996359,100,3
99.99999999998519,100,2
57.809752360123625,58,1
99.999999999985,100,2
99.9999999998686,100,2
99.99999999998505,100,35
0.7142169484031612,1,1
99.99999999998398,100,1
98.1566610967779,98,1
0.6612653224840971,1,1
99.99999999998404,100,3
99.99999999998407,100,8
96.06541860772346,96,1
99.9999999999839,100,3
75.58899233019766,76,1
99.99999999998396,100,1
99.99999999975094,100,1
99.99999999986738,100,1
1.601935832882329,2,1
99.99999999986721,100,1
0.9676932570667441,1,1
31.778388259247848,32,1
99.99999999998367,100,2
4.503144332876315,5,1
99.99999999998371,100,2
24.835790752767863,25,1
0.06847273362184823,0,1
0.06069528407010524,0,1
99.9999999999845,100,1
1.6009640675896484,2,1
95.88612626321954,96,1
99.99999999998434,100,3
99.99999999998437,100,1
0.20718914235088562,0,1
0.24221694047095454,0,1
74.02331099365159,74,1
71.95719905812162,72,1
1.6246741613731481,2,1
99.9999999999841,100,1
0.2786886569706581,0,1
99.9999999999867,100,20
89.03524187914878,89,2
99.99999999998673,100,4
99.99999999998677,100,9
99.99999999998678,100,2
0.4254350561797753,0,1
0.8760057728680388,1,1
16.476437791096437,16,1
99.99999999998668,100,3
10.182722110010737,10,1
99.9999999999865,100,11
3.1655499319413907,3,1
99.99999999998653,100,2
99.40319799932867,99,1
99.99999999998637,100,5
99.99999999998644,100,2
1.1253900604861196,1,1
99.99999999998718,100,8
99.99999999998722,100,5
99.99999999998724,100,10
99.99999999998725,100,1
99.99999999998704,100,7
99.99999999998708,100,1
99.99999999998711,100,18
99.99999999998697,100,12
0.19634652194010851,0,1
99.99999999998698,100,1
99.99999999998701,100,1
99.99999999998688,100,5
1.345980740238882,1,1
91.24105647035722,91,1
92.43502662888996,92,1
4.740232040809807,5,1
97.78852537610986,98,1
1.1909973648588088,1,1
99.99999999998586,100,11
8.530061041293337,9,1
2.0412101216335006,2,1
96.92505719118424,97,1
1.0356631500628932,1,1
99.9999999999857,100,4
99.99999999998577,100,1
70.16080578271836,70,1
99.99999999998556,100,1
99.9999999999856,100,6
0.26266198665445484,0,1
99.99999999998552,100,1
46.764645549807035,47,1
0.3619834352988831,0,1
99.99999999998624,100,1
99.99999999998627,100,12
0.11493311777821284,0,2
0.8156695011163763,1,1
99.99999999998633,100,2
98.73165933573638,99,1
99.99999999998634,100,8
1.6618440267442562,2,1
98.66945837362806,99,1
4.120725599785651,4,1
0.10818557154619558,0,1
9.432426821824848,9,1
99.99999999998622,100,1
100.00000000010265,100,1
57.625671473005326,58,1
53.220971443476905,53,1
99.99999999998607,100,5
99.9999999999861,100,2
99.99999999998612,100,2
5.649272575409726,6,1
99.99999999998596,100,1
99.99999999998597,100,2
99.99999999998853,100,1
99.99999999998855,100,2
74.02532634575316,74,1
99.99999999998856,100,10
99.99999999998859,100,1
3.083518968012145,3,1
0.19975122980998755,0,1
99.9999999999884,100,1
0.3026671067619729,0,1
99.9999999999885,100,4
99.99999999998829,100,9
0.08971312953596998,0,1
99.99999999998832,100,1
0.018023114433400766,0,1
99.99999999998839,100,5
99.99999999998818,100,13
99.99999999998825,100,27
0.3018785669256893,0,1
11.370825317710818,11,1
12.050211866922691,12,1
0.45058578518580494,0,1
99.99999999998887,100,1
99.99999999998889,100,2
99.99999999998896,100,4
99.99999999998876,100,1
99.99999999987237,100,5
99.99999999998879,100,2
0.26225887665485714,0,1
99.9999999999888,100,1
15.207335370801111,15,1
99.99999999998863,100,2
99.99999999998866,100,1
98.70824007806186,99,1
99.99999999998869,100,1
10.027027968250565,10,1
0.2881096438972859,0,1
99.99999999998764,100,3
16.995349641534467,17,1
99.9999999999877,100,1
99.9999999999875,100,1
54.097074771829014,54,1
99.99999999998752,100,5
6.720356465054804,7,1
99.99999999998755,100,1
99.99999999998757,100,9
89.03524187915129,89,1
0.38743517726881793,0,1
99.99999999998727,100,6
0.24466382278993493,0,1
1.020942243096129,1,1
99.9999999999873,100,10
5.052863402654119,5,1
99.99999999998732,100,1
97.01340479498172,97,1
0.1566759329729376,0,1
99.99999999998809,100,6
0.4147543955593472,0,1
99.99999999998812,100,17
0.22447221841829063,0,2
99.99999999998813,100,5
99.99999999998815,100,1
0.12774336849486342,0,2
99.99999999998802,100,2
99.99999999998785,100,3
100.00000000010418,100,6
0.7492969519226113,1,1
1.6767765650401316,2,1
99.99999999998778,100,3
99.99999999998779,100,1
0.25249198348650564,0,1
99.99999999999042,100,1
95.52603078645896,96,1
0.3844445424790615,0,1
99.99999999999024,100,2
0.5596022669599776,1,1
0.14456259501948768,0,1
79.47055949063653,79,1
99.9999999999903,100,1
0.179895046457905,0,1
4.0457044215036415,4,1
1.0603740284452914,1,1
89.285104815176,89,1
99.99999999999017,100,1
5.276214383729514,5,2
99.99999999999018,100,19
0.28136325233482545,0,1
90.91574799965989,91,1
99.99999999999002,100,1
4.948850649145182,5,1
96.95784912190877,97,1
0.7700466679693292,1,1
99.9999999999901,100,12
99.99999999999079,100,1
99.99999999999089,100,2
99.99999999999068,100,1
99.99999999999069,100,4
99.99999999999072,100,7
99.9999999999906,100,1
99.99999999987419,100,1
99.99999999999062,100,1
99.99999999999064,100,12
0.6945729257466617,1,1
99.99999999999065,100,1
99.99999999999046,100,5
99.99999999999051,100,3
2.8360868468045672,3,1
1.1085665036264862,1,1
99.99999999998947,100,5
99.99999999998951,100,1
99.99999999998953,100,7
99.99999999998931,100,4
0.5607717785158952,1,1
0.08510071869469192,0,1
99.99999999998938,100,2
99.99999999998941,100,1
99.99999999998924,100,13
99.99999999987284,100,1
0.6355228504685567,1,1
99.99999999998926,100,1
99.99999999998927,100,14
99.99999999998929,100,1
99.9999999999893,100,2
100.00000000010552,100,1
99.99999999998911,100,7
1.5261996471669936,2,1
99.99999999998916,100,1
84.38957775693571,84,1
99.99999999998917,100,1
0.022551984034424245,0,1
99.99999999998988,100,15
99.9999999999899,100,1
0.14456259501948884,0,1
99.99999999998997,100,6
0.25106136607205004,0,1
99.99999999998978,100,7
0.5485678094390626,1,1
0.08577317390281948,0,1
0.8311524432535985,1,1
99.99999999998973,100,7
99.99999999998975,100,1
0.23607410137774892,0,1
0.3600722270981598,0,1
0.6567141646459382,1,1
99.9999999999896,100,15
99.99999999998963,100,11
99.99999999998964,100,1
1.2922658567728085,1,1
0.15663428731713516,0,5
99.99999999999218,100,1
99.9999999999922,100,1
0.44490117346911423,0,1
99.99999999999221,100,5
99.99999999999224,100,11
14.312119451786455,14,1
99.99999999999226,100,2
99.99999999999204,100,4
99.99999999999206,100,4
99.9999999999921,100,14
99.99999999999211,100,4
99.99999999999213,100,2
99.99999999999193,100,3
99.99999999999194,100,4
99.99999999999196,100,2
0.12624036417155943,0,1
99.99999999999199,100,2
99.99999999999201,100,3
0.7238716884193653,1,1
0.18952072225291947,0,1
99.99999999999186,100,3
99.99999999999187,100,2
99.9999999999919,100,2
99.99999999999191,100,7
0.49290403838325536,0,1
99.99999999999261,100,5
99.99999999999262,100,1
99.99999999999265,100,4
99.99999999999267,100,3
99.99999999999268,100,1
92.04513984830255,92,1
99.99999999999271,100,4
90.78069575413011,91,1
99.99999999999251,100,6
99.99999999999257,100,13
99.99999999999258,100,1
99.9999999999926,100,1
37.473246059356505,37,1
94.00136240600717,94,1
99.99999999999241,100,2
0.35077168066029235,0,1
99.99999999999244,100,4
96.05795655347627,96,1
99.99999999999248,100,8
10.639618921906475,11,1
99.99999999999228,100,7
99.99999999999233,100,1
99.99999999999235,100,17
45.24196375122129,45,1
99.99999999999129,100,7
95.9251272249329,96,1
27.89761894505031,28,1
99.9999999999913,100,1
99.99999999999135,100,8
82.3413727608473,82,1
99.99999999999115,100,9
99.99999999999116,100,1
99.99999999999119,100,4
99.99999999999122,100,5
93.6437282809518,94,1
99.99999999999123,100,9
4.60186372530812,5,1
99.99999999999109,100,7
9.55525643391047,10,1
10.774857490970911,11,1
10.848162256602103,11,1
99.99999999999092,100,6
99.99999999999093,100,2
99.99999999999096,100,4
99.999999999991,100,1
99.99999999999173,100,24
99.99999999999179,100,4
29.68817295465098,30,1
6.327933386104457,6,1
99.99999999999167,100,1
99.99999999999169,100,3
99.99999999999152,100,2
99.99999999999153,100,4
1.0087131237559632,1,1
99.99999999999154,100,8
99.99999999999157,100,10
99.99999999999136,100,2
4.846774827161031,5,1
99.99999999999139,100,6
99.9999999999914,100,1
1.0377457899747244,1,1
99.99999999999146,100,13
2.6597654015185968,3,1
80.98163515281601,81,1
99.99999999999397,100,1
99.99999999999399,100,3
99.999999999994,100,9
99.99999999999402,100,1
99.99999999999405,100,22
99.99999999999406,100,11
99.46765210770774,99,1
99.99999999999392,100,3
29.73832213164025,30,1
99.99999999999396,100,1
99.99999999999378,100,8
99.99999999999379,100,2
99.99999999999382,100,1
99.99999999999383,100,5
49.46981403999902,49,1
0.9640340868035018,1,1
5.989637374642505,6,1
7.439303195208989,7,1
99.99999999999365,100,14
99.99999999999369,100,16
99.9999999998773,100,1
99.99999999999373,100,1
99.99999999999443,100,1
99.99999999999444,100,2
0.015142054500843995,0,1
99.99999999999446,100,1
99.99999999999449,100,1
99.9999999999945,100,3
99.99999999999451,100,13
5.647007698507676,6,1
99.99999999999432,100,39
0.1164445244698937,0,1
99.99999999999433,100,2
99.99999999999436,100,1
99.99999999987794,100,2
99.99999999999437,100,12
3.3172943265176875,3,1
99.99999999999439,100,8
99.9999999999944,100,10
99.99999999999442,100,1
0.17062790580697604,0,1
99.99999999999422,100,19
0.041096733601944324,0,1
99.99999999999424,100,1
99.99999999987783,100,3
0.24300665312460165,0,2
2.730841535560627,3,1
99.99999999999427,100,1
99.99999999999429,100,13
99.99999999999409,100,2
99.9999999999941,100,3
99.99999999999419,100,4
33.86306978337609,34,1
0.37882754360678855,0,1
99.99999999999307,100,11
99.9999999999931,100,2
99.99999999999312,100,4
99.99999999999314,100,1
3.4553455547519514,3,1
0.2616370230658927,0,1
99.99999999999295,100,9
1.563274699224515,2,1
0.8533104885428815,1,1
0.2174576461236985,0,1
99.99999999999305,100,2
99.99999999999284,100,1
99.99999999999287,100,20
98.84382988864353,99,1
99.99999999999272,100,2
99.99999999999277,100,5
99.9999999999928,100,1
99.99999999999281,100,1
99.99999999999282,100,18
45.29268063393154,45,1
99.99999999999353,100,1
0.0766100002935867,0,4
99.99999999999356,100,1
100.00000000010996,100,2
99.99999999999358,100,3
99.99999999999359,100,3
13.93745162390835,14,1
0.19834634939848603,0,1
99.99999999999362,100,1
99.9999999999934,100,5
0.06019669316375199,0,1
0.7719817966908148,1,1
1.6216694836439611,2,1
99.99999999999343,100,13
0.12062232259371257,0,1
99.99999999999345,100,4
5.229592018127477,5,1
99.99999999999346,100,2
99.99999999999348,100,13
99.99999999999349,100,5
22.61121003804233,23,1
1.520084906274813,2,1
99.9999999999935,100,3
99.99999999999329,100,3
0.06836037735849056,0,1
99.9999999999933,100,2
99.99999999999334,100,12
0.6727433332644162,1,1
39.24406001325915,39,1
99.99999999999318,100,1
79.99129604911151,80,1
86.28359951586252,86,1
99.99999999999321,100,7
99.99999999999322,100,3
99.99999999999324,100,2
99.99999999999325,100,1
99.9999999999958,100,4
99.99999999999581,100,2
99.99999999999584,100,8
99.99999999999585,100,4
99.99999999999586,100,1
99.99999999999568,100,1
99.99999999999571,100,2
99.99999999999572,100,20
99.99999999999574,100,5
4.428171096024745,4,1
5.2132087364882,5,1
99.99999999999575,100,1
99.99999999999577,100,18
65.23628349307201,65,1
17.79334129075831,18,1
100.00000000011218,100,1
74.56752473189341,75,1
99.99999999999561,100,5
99.99999999999562,100,2
99.99999999999564,100,1
99.99999999999565,100,2
99.99999999999567,100,1
99.99999999999545,100,15
99.99999999999547,100,6
99.9999999999955,100,22
99.99999999999551,100,4
99.99999999999552,100,4
99.99999999999554,100,9
51.966892699432265,52,1
99.99999999999626,100,7
99.99999999999628,100,8
99.99999999999629,100,6
99.9999999999963,100,4
99.99999999999632,100,6
99.99999999999633,100,6
0.24725092048748956,0,1
0.5432719145486267,1,1
99.99999999999613,100,1
99.99999999999615,100,17
99.99999999999616,100,1
88.43667821986394,88,1
99.99999999999618,100,2
100.00000000011262,100,2
99.99999999999619,100,1
99.9999999999962,100,10
99.99999999999622,100,16
99.99999999999623,100,1
99.99999999999602,100,8
99.99999999999605,100,44
99.99999999999606,100,5
99.9999999999961,100,1
99.99999999999612,100,26
29.514722964667346,30,1
99.99999999999591,100,3
83.86256567464238,84,1
1.6897891851391666,2,1
99.99999999999595,100,7
4.1436473353835,4,1
99.99999999999596,100,1
43.117656795164855,43,1
99.99999999999488,100,5
99.9999999999949,100,4
99.99999999999491,100,3
99.99999999999494,100,4
67.64278416530402,68,1
0.9817050425179578,1,1
65.86714926207229,66,1
99.99999999999497,100,2
99.99999999999498,100,2
100.0000000001112,100,5
0.38298720773316264,0,1
99.99999999999486,100,6
94.16103118600391,94,1
90.39599728759954,90,1
99.9999999999947,100,9
99.99999999999471,100,4
99.99999999999476,100,7
0.1240148284969628,0,1
99.99999999999454,100,2
99.9999999999946,100,3
99.99999999999463,100,14
99.99999999999464,100,9
99.99999999999535,100,1
0.575938942032224,1,1
99.99999999999544,100,1
99.99999999999523,100,6
99.99999999999525,100,3
99.99999999999528,100,8
82.95875583380452,83,1
99.9999999999953,100,1
0.3492348310972549,0,1
99.99999999999531,100,4
99.99999999999513,100,3
99.99999999999514,100,8
99.99999999999515,100,8
99.99999999999518,100,1
99.9999999999952,100,2
99.99999999999501,100,2
99.99999999999503,100,5
99.99999999999508,100,9
0.08425113110353007,0,1
0.04602424328824091,0,1
99.9999999999951,100,2
0.9755079087875321,1,1
95.97098307948445,96,1
99.99999999999761,100,2
99.99999999999763,100,5
99.99999999999764,100,4
46.17674880858547,46,1
99.99999999999768,100,3
99.9999999999977,100,10
4.16463085654192,4,1
99.99999999999771,100,1
99.9999999999975,100,16
2.820185718216529,3,1
99.99999999999753,100,3
99.99999999999754,100,2
99.99999999999756,100,7
99.99999999999757,100,8
99.9999999999976,100,7
0.8451571919036696,1,1
99.99999999999743,100,23
99.99999999999744,100,3
3.128863725248788,3,1
99.99999999999746,100,17
0.7173474950372899,1,1
99.99999999999748,100,12
99.99999999999727,100,23
99.99999999999729,100,7
99.99999999999731,100,5
17.708124681465794,18,1
99.99999999999733,100,5
99.99999999999734,100,1
99.99999999999736,100,5
99.99999999999807,100,5
99.99999999999808,100,8
99.9999999999981,100,9
99.99999999999811,100,15
0.5267618778135067,1,1
99.99999999999812,100,1
99.99999999999814,100,16
99.99999999999815,100,10
0.2175138957974943,0,1
1.3810051867820485,1,1
10.718437705888384,11,1
99.99999999999798,100,1
99.999999999998,100,15
8.407525461430307,8,1
1.3639905114708213,1,1
99.99999999999802,100,3
99.99999999999804,100,9
66.38751174437398,66,1
99.99999999999784,100,3
99.99999999999785,100,4
2.2143043027942086,2,1
1.08774435177433,1,1
99.99999999999787,100,20
99.99999999999788,100,2
99.9999999999979,100,13
57.008024404320004,57,1
99.99999999999794,100,4
99.99999999999774,100,5
2.7504609035198233,3,1
99.99999999999777,100,4
96.92762238758756,97,1
99.9999999999978,100,8
99.99999999999781,100,3
99.9999999999967,100,6
99.99999999999673,100,49
99.99999999999675,100,3
99.99999999999676,100,3
0.12035360254281141,0,1
99.99999999999677,100,4
99.99999999999679,100,3
40.48056462728487,40,1
99.9999999999968,100,5
99.9999999999966,100,4
99.99999999999662,100,4
99.99999999999663,100,18
0.8021974576271187,1,1
99.99999999999666,100,1
99.99999999999667,100,5
99.99999999999669,100,16
1.881338919293734,2,1
99.99999999999649,100,14
99.99999999999652,100,15
99.99999999999653,100,2
99.99999999999655,100,1
0.6602798282967837,1,1
99.99999999999656,100,1
99.99999999988015,100,5
99.99999999999658,100,1
17.384991914420798,17,1
99.99999999999636,100,22
99.99999999999638,100,5
99.99999999999639,100,1
99.9999999999964,100,1
99.99999999999642,100,11
99.99999999999643,100,9
0.3650326834070861,0,1
0.22407277559230065,0,1
0.08129678178831137,0,1
99.9999999999972,100,6
99.99999999999721,100,6
85.53433072196093,86,1
99.99999999999723,100,17
99.99999999999724,100,4
99.99999999999726,100,4
99.99999999999704,100,3
99.99999999999707,100,18
21.031692442696762,21,1
99.99999999999709,100,39
99.99999999999712,100,5
99.99999999999714,100,6
99.99999999999694,100,1
99.99999999999699,100,3
96.59524689404991,97,1
99.99999999999703,100,7
99.99999999999683,100,1
0.5716964999418936,1,1
99.99999999999686,100,5
5.219346431296379,5,1
99.99999999999689,100,4
51.96713923928298,52,1
99.99999999999692,100,8
99.99999999999943,100,20
99.99999999999945,100,1
99.99999999999947,100,4
99.9999999999995,100,2
99.99999999999952,100,54
99.99999999999932,100,5
99.99999999999935,100,2
99.99999999999936,100,14
0.07174455445544554,0,1
99.99999999999937,100,16
99.9999999999994,100,8
99.99999999999942,100,18
0.25388155588261635,0,1
0.25886016661721256,0,2
99.99999999999922,100,10
99.99999999999923,100,3
99.99999999999925,100,1
99.99999999999926,100,17
99.99999999999928,100,1
99.99999999999909,100,9
0.07870739286525565,0,2
99.9999999999991,100,1
99.99999999999912,100,9
99.99999999999913,100,7
36.854343130688186,37,1
99.99999999999916,100,10
99.99999999999918,100,6
99.99999999999919,100,15
99.99999999999989,100,10
0.8531929130509831,1,1
99.9999999999999,100,7
99.99999999999993,100,4
99.99999999999994,100,5
99.99999999999996,100,1
99.99999999999997,100,306
99.99999999999999,100,8434
99.99999999999977,100,19
99.99999999999979,100,1
99.9999999999998,100,1
99.99999999999982,100,2
99.99999999999983,100,6
99.99999999999984,100,4
99.99999999999986,100,3
0.6271165995296326,1,1
99.99999999999987,100,12
99.99999999999966,100,18
99.99999999999967,100,9
99.99999999999969,100,1
0.061368971470445656,0,1
99.99999999999972,100,7
99.99999999999973,100,3
99.99999999999955,100,19
99.99999999999956,100,2
99.99999999999957,100,10
99.99999999999959,100,2
1.6125096530595653,2,1
99.9999999999996,100,2
0.06496539735099338,0,1
99.99999999999962,100,6
99.99999999999963,100,22
99.99999999999964,100,3
99.99999999999852,100,29
99.99999999999855,100,2
92.72795497731381,93,1
99.99999999999861,100,8
99.30162316819612,99,1
99.99999999999862,100,6
99.99999999999842,100,1
99.99999999999844,100,4
99.99999999999845,100,17
99.99999999999847,100,3
0.12993079470198676,0,1
0.14446431358921716,0,1
99.99999999999848,100,3
99.9999999999985,100,7
99.99999999999851,100,3
97.96422857142856,98,2
99.9999999999983,100,2
99.99999999999834,100,12
93.55372045734511,94,1
0.24109164575761272,0,1
99.99999999999837,100,7
99.99999999999838,100,1
99.9999999999982,100,12
99.99999999999821,100,18
99.99999999999822,100,6
99.99999999999824,100,5
99.99999999999825,100,2
99.99999999999827,100,18
0.33680804871515374,0,1
53.703796846221664,54,1
99.99999999999898,100,1
99.99999999999899,100,19
99.999999999999,100,6
99.99999999999902,100,2
1.2850948948765621,1,1
68.55461707014301,69,1
99.99999999999905,100,2
99.99999999999906,100,1
99.99999999999908,100,13
0.9052435208993027,1,1
99.99999999999886,100,2
6.978316986401223,7,1
1.1306238981143624,1,1
99.99999999999888,100,3
99.99999999999889,100,4
99.9999999999989,100,1
99.99999999999892,100,20
99.99999999999893,100,7
99.99999999999896,100,8
99.99999999999875,100,9
99.99999999999876,100,8
99.99999999999878,100,2
99.99999999999879,100,38
99.9999999999988,100,9
99.99999999999882,100,15
99.99999999999883,100,3
11.276946979158563,11,1
99.99999999999864,100,3
99.99999999999865,100,2
99.99999999999868,100,7
99.99999999999869,100,6
0.2310025030512914,0,2
99.9999999999987,100,1
99.99999999999874,100,3
