timeBin,TAZ,avgWait,medianWait,numberOfPickups,avgPoolingDelay,numberOfPooledPickups
18,379.0,413.0,413.0,4,0,0
9,488.0,80.0,80.0,5,0,0
10,379.0,299.0,299.0,2,0,0
14,379.0,194.0,194.0,1,0,0
10,477.0,234.0,234.0,7,0,0
17,322.0,127.33333333333333,110.0,3,0,0
17,368.0,316.6666666666667,271.0,3,0,0
18,368.0,553.0,553.0,2,0,0
15,322.0,114.0,114.0,3,0,0
14,368.0,35.0,35.0,1,0,0
15,368.0,104.0,104.0,2,0,0
17,420.0,113.0,113.0,1,0,0
13,420.0,275.0,275.0,6,0,0
7,379.0,349.5,349.5,2,0,0
8,379.0,631.5,631.5,2,0,0
16,311.0,177.0,177.0,2,0,0
17,311.0,232.5,253.0,4,0,0
12,311.0,275.6,326.0,5,0,0
11,311.0,185.5,185.5,4,0,0
14,311.0,187.0,187.0,1,0,0
8,420.0,456.0,456.0,1,0,0
10,420.0,91.0,91.0,1,0,0
19,311.0,226.0,226.0,2,0,0
7,420.0,94.0,94.0,1,0,0
7,368.0,104.0,104.0,1,0,0
8,368.0,102.5,102.5,2,0,0
10,248.0,612.0,612.0,2,0,0
16,346.0,135.63636363636363,149.0,11,0,0
16,300.0,181.78947368421052,184.0,19,0,0
15,346.0,317.0,317.0,1,0,0
18,300.0,184.0,184.0,4,0,0
17,300.0,175.6,184.0,10,0,0
12,346.0,100.0,100.0,1,0,0
12,300.0,222.30769230769232,184.0,13,0,0
11,346.0,179.0,179.0,1,0,0
11,300.0,388.8,380.0,5,0,0
14,300.0,189.28571428571428,184.0,14,0,0
13,300.0,298.0,298.0,1,0,0
20,346.0,404.0,404.0,2,0,0
19,346.0,100.0,100.0,1,0,0
18,346.0,100.0,100.0,1,0,0
17,346.0,292.5,193.0,10,0,0
8,311.0,200.0,200.0,1,0,0
10,311.0,160.25,167.0,4,0,0
15,335.0,51.333333333333336,51.0,3,0,0
16,335.0,56.85,53.0,20,0,0
13,335.0,51.0,51.0,4,0,0
14,335.0,58.25,60.0,4,0,0
11,335.0,66.0,60.0,9,0,0
9,335.0,166.66666666666666,200.0,3,0,0
19,335.0,79.5,64.0,20,0,0
17,335.0,237.8,72.0,25,0,0
18,335.0,89.71428571428571,100.0,7,0,0
14,479.0,231.0,231.0,2,0,0
15,479.0,154.0,154.0,5,0,0
12,479.0,577.2,272.0,5,0,0
10,479.0,180.0,154.0,10,0,0
11,479.0,393.27272727272725,456.0,11,0,0
8,479.0,1213.469387755102,1193.0,49,0,0
9,479.0,522.1578947368421,308.0,19,0,0
8,300.0,204.0,168.0,5,0,0
7,300.0,470.42857142857144,304.0,7,0,0
9,300.0,304.0,304.0,1,0,0
18,479.0,231.71428571428572,232.0,14,0,0
16,479.0,205.0,232.0,13,0,0
17,479.0,985.3846153846154,232.0,13,0,0
15,324.0,108.0,108.0,4,0,0
13,324.0,218.0,201.0,12,0,0
11,324.0,85.0,85.0,1,0,0
12,324.0,47.0,47.0,1,0,0
6,479.0,276.0,276.0,2,0,0
7,479.0,725.3333333333334,522.0,3,0,0
8,433.0,527.0,527.0,1,0,0
17,324.0,139.66666666666666,142.0,3,0,0
18,324.0,60.333333333333336,48.0,3,0,0
16,422.0,202.0,202.0,1,0,0
17,422.0,569.5555555555555,234.0,9,0,0
10,422.0,212.5,212.5,2,0,0
13,422.0,202.0,202.0,3,0,0
7,335.0,200.0,200.0,1,0,0
8,335.0,101.75,64.0,4,0,0
18,422.0,924.0,924.0,3,0,0
12,359.0,226.0,226.0,2,0,0
11,359.0,101.0,100.0,3,0,0
10,359.0,48.0,48.0,41,0,0
8,359.0,218.0,187.0,3,0,0
7,422.0,312.0,312.0,2,0,0
9,422.0,202.0,202.0,1,0,0
19,359.0,88.0,88.0,3,0,0
17,359.0,158.0,103.5,4,0,0
16,359.0,152.0,152.0,1,0,0
7,324.0,108.0,108.0,1,0,0
8,324.0,103.5,96.5,4,0,0
14,302.0,68.85714285714286,67.0,7,0,0
14,348.0,158.0,158.0,4,0,0
16,302.0,105.6,80.0,5,0,0
10,348.0,172.0,172.0,47,0,0
8,348.0,100.25,74.0,4,0,0
12,302.0,68.0,68.0,12,0,0
7,348.0,179.0,179.0,1,0,0
11,302.0,56.0,56.0,1,0,0
19,348.0,73.0,73.0,2,0,0
18,302.0,83.71428571428571,68.0,7,0,0
18,348.0,180.0,180.0,2,0,0
17,348.0,248.8,122.0,5,0,0
17,302.0,309.75,223.0,4,0,0
16,348.0,62.0,62.0,8,0,0
19,302.0,317.0,317.0,2,0,0
13,446.0,313.3333333333333,414.0,3,0,0
12,446.0,274.0,355.0,3,0,0
15,446.0,243.0,243.0,8,0,0
8,446.0,535.8333333333334,570.0,6,0,0
7,231.0,715.2857142857143,927.0,7,0,0
8,231.0,1700.7692307692307,1909.0,13,0,0
9,231.0,496.6666666666667,658.0,3,0,0
11,231.0,174.0,174.0,3,0,0
12,231.0,174.0,174.0,3,0,0
16,375.0,257.0,257.0,1,0,0
8,340.0,304.0,304.0,1,0,0
7,340.0,348.0,348.0,2,0,0
19,409.0,135.2,132.0,5,0,0
18,409.0,179.8,132.0,5,0,0
17,409.0,371.3220338983051,161.0,59,0,0
14,364.0,84.0,84.0,1,0,0
17,364.0,44.0,44.0,1,0,0
19,364.0,82.0,82.0,2,0,0
20,462.0,1215.0,1215.0,1,0,0
21,462.0,725.0,725.0,4,0,0
7,375.0,239.5,239.5,2,0,0
18,462.0,233.1439393939394,147.0,132,0,0
8,375.0,336.0,336.0,4,0,0
19,462.0,340.625,117.0,32,0,0
8,409.0,250.625,245.0,8,0,0
16,462.0,96.58333333333333,47.5,24,0,0
7,409.0,207.57142857142858,195.0,7,0,0
17,462.0,626.964705882353,249.0,255,0,0
11,375.0,234.0,234.0,2,0,0
14,462.0,100.5,100.5,2,0,0
15,462.0,90.71875,79.0,32,0,0
12,409.0,204.83333333333334,219.0,6,0,0
14,231.0,148.0,148.0,1,0,0
11,409.0,190.33333333333334,187.0,9,0,0
10,409.0,180.0,156.0,6,0,0
9,409.0,145.33333333333334,132.0,3,0,0
17,231.0,174.0,174.0,6,0,0
16,409.0,102.5,94.0,4,0,0
15,409.0,147.5,147.5,2,0,0
14,409.0,130.57142857142858,132.0,7,0,0
13,409.0,168.2,193.0,5,0,0
18,353.0,60.2,38.0,5,0,0
17,353.0,180.85714285714286,92.0,7,0,0
14,353.0,40.0,40.0,2,0,0
13,353.0,92.0,92.0,2,0,0
12,462.0,74.78571428571429,46.0,14,0,0
13,462.0,101.47619047619048,83.0,42,0,0
10,462.0,67.0,58.0,8,0,0
11,462.0,142.28571428571428,187.0,14,0,0
8,462.0,83.5,83.5,2,0,0
9,462.0,62.0,62.0,2,0,0
19,451.0,183.0,183.0,2,0,0
18,451.0,28.0,28.0,3,0,0
14,451.0,362.0,362.0,3,0,0
16,451.0,110.0,50.0,3,0,0
17,244.0,400.0,400.0,2,0,0
11,451.0,338.0,338.0,5,0,0
10,451.0,550.0,550.0,3,0,0
13,451.0,164.0,164.0,2,0,0
7,451.0,147.0,147.0,1,0,0
14,440.0,734.0,734.0,2,0,0
17,440.0,72.0,72.0,2,0,0
16,440.0,588.0,588.0,3,0,0
8,353.0,92.0,92.0,1,0,0
17,331.0,198.0,198.0,1,0,0
13,331.0,94.0,94.0,2,0,0
11,377.0,120.0,120.0,9,0,0
13,377.0,232.0,232.0,1,0,0
16,377.0,311.0,311.0,2,0,0
17,377.0,226.39344262295083,230.0,61,0,0
10,268.0,597.0,597.0,12,0,0
14,268.0,223.0,223.0,2,0,0
17,268.0,130.0,130.0,1,0,0
17,320.0,267.8,218.5,20,0,0
16,320.0,291.0,291.0,1,0,0
13,320.0,115.0,115.0,1,0,0
15,366.0,62.0,62.0,2,0,0
17,366.0,407.5,107.0,4,0,0
8,377.0,170.5,170.5,2,0,0
9,377.0,234.0,234.0,9,0,0
10,377.0,635.0,635.0,1,0,0
12,331.0,94.0,94.0,2,0,0
10,331.0,164.0,164.0,1,0,0
7,331.0,100.0,100.0,3,0,0
8,331.0,296.0,296.0,2,0,0
17,355.0,207.25,247.0,4,0,0
16,355.0,161.0,161.0,1,0,0
15,355.0,42.0,42.0,3,0,0
14,355.0,89.0,89.0,1,0,0
13,355.0,168.33333333333334,208.0,3,0,0
12,355.0,101.33333333333333,42.0,3,0,0
11,355.0,42.0,42.0,2,0,0
17,453.0,457.03333333333336,309.0,30,0,0
16,453.0,726.0588235294117,1048.0,34,0,0
13,453.0,206.0,206.0,3,0,0
12,453.0,208.28571428571428,206.0,14,0,0
15,453.0,89.0,89.0,1,0,0
14,453.0,206.0,206.0,4,0,0
11,320.0,605.0,605.0,9,0,0
12,320.0,262.0,262.0,1,0,0
10,320.0,121.0,121.0,1,0,0
7,320.0,119.33333333333333,115.0,3,0,0
8,320.0,147.25,138.5,8,0,0
17,344.0,1219.0,1219.0,2,0,0
7,268.0,431.0,431.0,1,0,0
9,268.0,416.0,416.0,2,0,0
8,268.0,701.0,701.0,2,0,0
9,453.0,524.0,579.0,3,0,0
8,453.0,693.9245283018868,754.0,53,0,0
11,453.0,271.0,271.0,2,0,0
7,453.0,243.2,206.0,25,0,0
13,488.0,80.0,80.0,1,0,0
8,355.0,213.75,202.0,4,0,0
7,355.0,143.22222222222223,89.0,9,0,0
10,296.0,105.5,89.0,8,0,0
9,296.0,165.0,114.0,4,0,0
8,296.0,225.66666666666666,215.0,6,0,0
7,296.0,89.0,89.0,1,0,0
14,296.0,98.0,98.0,2,0,0
13,296.0,131.5,122.0,4,0,0
12,296.0,108.33333333333333,118.0,3,0,0
8,439.0,627.0,647.0,4,0,0
16,439.0,204.0,174.0,9,0,0
17,439.0,832.5,997.0,32,0,0
18,439.0,880.0,880.0,1,0,0
12,261.0,94.0,94.0,4,0,0
16,261.0,301.0,301.0,2,0,0
8,261.0,94.0,94.0,3,0,0
8,428.0,225.11111111111111,168.0,9,0,0
9,428.0,73.33333333333333,61.0,6,0,0
10,428.0,45.0,30.0,3,0,0
19,481.0,895.0,895.0,14,0,0
17,481.0,493.22222222222223,199.0,18,0,0
7,428.0,196.9090909090909,168.0,11,0,0
18,481.0,122.0,122.0,3,0,0
16,428.0,89.2,68.0,10,0,0
18,296.0,84.5,82.0,4,0,0
17,296.0,235.0909090909091,92.0,11,0,0
17,428.0,764.0,278.0,16,0,0
16,296.0,91.75,92.0,12,0,0
15,296.0,118.25,92.0,4,0,0
12,428.0,292.6666666666667,186.0,6,0,0
13,428.0,123.5,94.0,4,0,0
19,296.0,310.0,310.0,4,0,0
7,481.0,293.4017857142857,176.0,112,0,0
8,481.0,1536.7733333333333,1474.0,75,0,0
15,481.0,174.3125,176.0,32,0,0
16,481.0,763.6875,895.0,16,0,0
13,481.0,123.5,123.5,2,0,0
14,481.0,149.75,176.0,8,0,0
11,481.0,123.5,123.5,2,0,0
12,481.0,176.0,176.0,6,0,0
9,481.0,212.8181818181818,176.0,11,0,0
10,481.0,636.2105263157895,895.0,19,0,0
8,417.0,146.5,151.5,4,0,0
13,417.0,89.0,89.0,2,0,0
12,417.0,89.0,89.0,1,0,0
17,417.0,114.33333333333333,118.0,3,0,0
8,308.0,155.0,134.5,6,0,0
9,285.0,80.0,80.0,7,0,0
7,308.0,174.0,174.0,2,0,0
10,285.0,122.0,122.0,1,0,0
7,285.0,86.0,86.0,1,0,0
10,308.0,161.0,161.0,1,0,0
9,308.0,174.0,174.0,1,0,0
17,361.0,82.25,83.0,4,0,0
12,285.0,286.0,286.0,47,0,0
16,361.0,74.0,74.0,1,0,0
15,308.0,89.0,89.0,5,0,0
18,308.0,288.0,288.0,8,0,0
17,308.0,283.7,174.0,10,0,0
14,308.0,176.66666666666666,178.0,3,0,0
11,372.0,19.0,19.0,2,0,0
10,406.0,348.0,348.0,1,0,0
19,308.0,95.0,95.0,2,0,0
8,406.0,218.0,218.0,2,0,0
12,406.0,792.6666666666666,807.0,6,0,0
18,406.0,640.0,640.0,1,0,0
18,350.0,88.0,88.0,1,0,0
17,350.0,62.0,62.0,1,0,0
14,396.0,110.83333333333333,106.5,6,0,0
17,396.0,145.46153846153845,56.0,13,0,0
16,396.0,90.66666666666667,115.0,3,0,0
19,396.0,276.0,276.0,1,0,0
18,396.0,652.0,546.0,3,0,0
7,361.0,130.0,140.5,4,0,0
15,287.0,44.0,44.0,6,0,0
14,361.0,167.0,167.0,1,0,0
16,287.0,145.5,145.5,2,0,0
13,361.0,61.0,61.0,1,0,0
14,287.0,70.0,70.0,1,0,0
8,361.0,136.0,136.0,1,0,0
7,396.0,141.0,141.0,1,0,0
8,396.0,259.5,259.5,2,0,0
13,396.0,56.0,56.0,1,0,0
12,396.0,141.0,141.0,3,0,0
16,298.0,175.25,156.0,4,0,0
15,298.0,446.0,446.0,3,0,0
13,298.0,217.0,217.0,1,0,0
17,298.0,196.0,196.0,1,0,0
8,276.0,951.4444444444445,940.0,18,0,0
8,230.0,1106.0,1106.0,1,0,0
19,419.0,611.6363636363636,619.0,11,0,0
10,230.0,232.0,232.0,5,0,0
18,419.0,554.75,619.0,16,0,0
11,276.0,129.25,86.0,4,0,0
12,276.0,110.0,110.0,2,0,0
9,276.0,428.0,428.0,1,0,0
13,230.0,784.0,784.0,1,0,0
14,374.0,58.0,58.0,3,0,0
15,374.0,176.0,176.0,1,0,0
17,374.0,277.88461538461536,145.0,26,0,0
19,374.0,176.0,176.0,2,0,0
17,472.0,963.75,481.0,12,0,0
18,472.0,128.0,128.0,1,0,0
16,472.0,128.0,128.0,2,0,0
13,419.0,88.18181818181819,94.0,11,0,0
12,419.0,411.0,411.0,2,0,0
10,419.0,340.5,340.5,2,0,0
17,419.0,364.9646017699115,148.0,113,0,0
16,419.0,140.76,74.0,25,0,0
15,419.0,104.75,119.0,4,0,0
12,287.0,50.0,50.0,4,0,0
13,472.0,128.0,128.0,1,0,0
14,472.0,128.0,128.0,2,0,0
11,472.0,128.0,128.0,2,0,0
16,363.0,142.95,132.0,40,0,0
12,472.0,128.0,128.0,1,0,0
17,363.0,454.0,454.0,2,0,0
7,472.0,229.25862068965517,109.0,58,0,0
8,472.0,275.39285714285717,136.0,56,0,0
7,374.0,77.33333333333333,87.0,3,0,0
8,374.0,868.3333333333334,1083.0,9,0,0
9,408.0,89.0,89.0,1,0,0
10,374.0,58.0,58.0,2,0,0
17,461.0,801.375,277.0,16,0,0
8,408.0,341.45454545454544,386.0,11,0,0
18,461.0,272.67857142857144,226.0,28,0,0
7,408.0,289.3333333333333,275.0,3,0,0
15,461.0,59.0,59.0,33,0,0
13,374.0,58.0,58.0,2,0,0
16,461.0,59.0,59.0,11,0,0
15,230.0,232.0,232.0,5,0,0
15,276.0,538.0,538.0,2,0,0
16,276.0,259.0,259.0,1,0,0
17,230.0,358.0,232.0,4,0,0
14,276.0,230.0,230.0,2,0,0
17,408.0,108.0,89.0,3,0,0
16,408.0,178.0,178.0,2,0,0
17,276.0,1019.9166666666666,490.0,12,0,0
18,276.0,228.0,228.0,2,0,0
11,292.0,451.0,451.0,1,0,0
17,292.0,700.0,282.0,4,0,0
15,292.0,230.0,230.0,1,0,0
7,446.0,399.75,411.0,4,0,0
10,292.0,451.0,451.0,4,0,0
15,435.0,605.0,605.0,1,0,0
8,435.0,703.0,456.0,3,0,0
10,435.0,572.0,572.0,2,0,0
8,302.0,514.0,558.0,3,0,0
7,302.0,115.6,126.0,5,0,0
17,435.0,60.0,60.0,1,0,0
18,435.0,173.0,173.0,2,0,0
7,435.0,166.5,166.5,2,0,0
13,424.0,273.3333333333333,332.0,3,0,0
14,424.0,124.0,124.0,1,0,0
15,424.0,113.0,113.0,1,0,0
8,424.0,266.42857142857144,264.0,7,0,0
17,390.0,1092.0,1092.0,1,0,0
9,424.0,201.0,201.0,2,0,0
7,390.0,132.0,132.0,1,0,0
17,424.0,156.0,156.0,1,0,0
7,424.0,264.0,264.0,4,0,0
8,270.0,984.0,984.0,1,0,0
11,413.0,110.0,110.0,7,0,0
12,459.0,164.0,164.0,2,0,0
7,459.0,549.0,549.0,6,0,0
9,459.0,132.0,132.0,1,0,0
8,459.0,417.6,378.0,15,0,0
19,413.0,246.0,246.0,1,0,0
17,413.0,53.0,53.0,1,0,0
17,459.0,183.33333333333334,225.0,3,0,0
8,304.0,100.0,100.0,1,0,0
7,304.0,105.0,105.0,1,0,0
10,304.0,100.0,100.0,1,0,0
16,304.0,366.0,366.0,1,0,0
15,304.0,389.3333333333333,370.0,3,0,0
17,304.0,585.0,585.0,2,0,0
11,448.0,79.8,58.0,10,0,0
11,402.0,56.0,56.0,1,0,0
10,448.0,101.18181818181819,49.0,11,0,0
13,448.0,43.333333333333336,58.0,3,0,0
8,402.0,210.66666666666666,43.0,3,0,0
12,448.0,75.8,73.0,5,0,0
7,448.0,234.0,234.0,2,0,0
15,402.0,68.33333333333333,43.0,3,0,0
8,448.0,266.0,266.0,2,0,0
19,448.0,522.6551724137931,598.0,29,0,0
18,448.0,680.55,698.0,20,0,0
18,402.0,212.0,212.0,1,0,0
17,402.0,263.6,172.0,15,0,0
20,448.0,748.0,748.0,14,0,0
15,448.0,77.33333333333333,83.0,3,0,0
14,448.0,194.36363636363637,170.0,11,0,0
17,448.0,1023.4025974025974,684.0,77,0,0
16,448.0,230.22222222222223,170.0,9,0,0
11,339.0,453.0,453.0,1,0,0
9,339.0,180.0,159.5,4,0,0
7,339.0,296.7142857142857,297.0,7,0,0
8,339.0,373.4,420.0,5,0,0
17,339.0,210.0,210.0,1,0,0
7,402.0,102.0,102.0,2,0,0
15,339.0,139.0,139.0,1,0,0
16,339.0,85.0,85.0,2,0,0
13,339.0,204.0,204.0,1,0,0
14,339.0,222.2,179.0,5,0,0
10,490.0,154.0,154.0,2,0,0
9,490.0,712.0,712.0,5,0,0
8,490.0,634.8181818181819,826.0,33,0,0
10,328.0,262.0,262.0,1,0,0
8,328.0,273.3333333333333,261.0,3,0,0
18,490.0,206.0,206.0,1,0,0
17,490.0,1048.0,1048.0,6,0,0
16,490.0,206.0,206.0,1,0,0
15,490.0,159.2,154.0,10,0,0
14,490.0,206.0,206.0,6,0,0
13,490.0,428.73333333333335,463.0,15,0,0
12,490.0,206.0,206.0,19,0,0
13,328.0,214.0,214.0,1,0,0
11,490.0,154.0,154.0,2,0,0
17,392.0,873.5,873.5,2,0,0
8,392.0,72.0,52.0,4,0,0
11,272.0,331.0,331.0,1,0,0
12,272.0,344.0,344.0,1,0,0
9,272.0,469.0,469.0,1,0,0
12,317.0,160.0,160.0,6,0,0
10,272.0,142.5,142.5,4,0,0
8,317.0,82.0,82.0,2,0,0
13,272.0,232.0,232.0,4,0,0
14,272.0,565.5,565.5,2,0,0
18,317.0,186.0,186.0,1,0,0
17,317.0,179.625,171.0,16,0,0
19,317.0,62.0,62.0,3,0,0
7,272.0,248.0,248.0,1,0,0
13,317.0,132.0,132.0,2,0,0
16,317.0,149.0,149.0,1,0,0
10,381.0,510.0,510.0,1,0,0
8,415.0,307.0,307.0,1,0,0
16,381.0,234.0,234.0,1,0,0
18,261.0,154.0,154.0,1,0,0
17,261.0,202.2,114.0,10,0,0
19,261.0,1068.0,1068.0,1,0,0
8,404.0,191.0,191.0,2,0,0
7,404.0,200.0,200.0,2,0,0
13,370.0,54.0,54.0,1,0,0
17,370.0,101.0,101.0,3,0,0
19,272.0,331.0,331.0,1,0,0
18,272.0,362.5,362.5,2,0,0
17,356.0,84.0,84.0,1,0,0
16,356.0,61.0,61.0,1,0,0
15,356.0,189.0,189.0,1,0,0
10,465.0,161.0,161.0,12,0,0
8,321.0,613.5,613.5,2,0,0
7,321.0,230.8,230.0,5,0,0
17,345.0,215.33333333333334,274.0,3,0,0
16,443.0,613.0,613.0,2,0,0
15,443.0,1026.0,1026.0,1,0,0
17,443.0,200.0,200.0,1,0,0
11,443.0,200.0,200.0,13,0,0
14,443.0,200.0,200.0,1,0,0
13,443.0,200.0,200.0,4,0,0
8,356.0,494.0,494.0,1,0,0
17,334.0,276.0,232.0,3,0,0
14,334.0,216.0,216.0,1,0,0
8,443.0,652.5,770.0,4,0,0
7,443.0,1198.7142857142858,1302.0,7,0,0
10,443.0,200.0,200.0,3,0,0
9,443.0,200.0,200.0,1,0,0
17,478.0,232.0,232.0,1,0,0
8,478.0,69.0,69.0,2,0,0
17,421.0,698.3333333333334,166.0,3,0,0
14,358.0,138.0,138.0,1,0,0
11,358.0,88.0,88.0,2,0,0
9,358.0,84.0,84.0,1,0,0
8,358.0,84.44444444444444,50.0,9,0,0
7,421.0,166.0,166.0,1,0,0
8,421.0,220.33333333333334,249.0,3,0,0
18,358.0,284.3333333333333,371.0,3,0,0
17,358.0,327.6666666666667,165.5,6,0,0
16,358.0,138.0,138.0,2,0,0
19,249.0,539.0,539.0,8,0,0
12,456.0,185.0,185.0,7,0,0
10,249.0,390.0,390.0,3,0,0
19,456.0,180.0,180.0,2,0,0
17,301.0,112.0,117.0,6,0,0
16,301.0,96.0,96.0,2,0,0
10,301.0,267.0,267.0,2,0,0
13,301.0,195.0,195.0,1,0,0
8,347.0,43.0,43.0,1,0,0
10,445.0,234.0,234.0,1,0,0
9,445.0,122.5,122.5,2,0,0
12,445.0,104.0,104.0,1,0,0
7,358.0,89.0,89.0,2,0,0
7,312.0,72.0,72.0,38,0,0
8,312.0,759.5446428571429,638.0,112,0,0
14,336.0,199.5,199.5,2,0,0
15,336.0,118.8,62.0,5,0,0
12,336.0,221.0,221.0,1,0,0
13,336.0,221.0,221.0,2,0,0
8,336.0,216.5,221.0,6,0,0
9,336.0,30.0,30.0,2,0,0
8,445.0,237.0,237.0,2,0,0
7,445.0,335.0,335.0,2,0,0
18,336.0,476.0,221.0,3,0,0
19,336.0,127.0,127.0,2,0,0
16,336.0,75.5,28.5,4,0,0
8,291.0,1809.0,1809.0,1,0,0
17,336.0,138.25,97.5,8,0,0
7,301.0,131.4,136.0,5,0,0
7,347.0,129.0,129.0,3,0,0
8,301.0,315.0,204.0,9,0,0
13,469.0,462.5,478.0,4,0,0
14,469.0,676.6666666666666,518.0,30,0,0
11,469.0,896.0,993.0,7,0,0
12,469.0,425.1166666666667,257.0,60,0,0
9,469.0,451.0,229.0,10,0,0
10,469.0,1035.3846153846155,1038.0,13,0,0
7,469.0,1415.5633802816901,1787.0,71,0,0
11,423.0,304.0,304.0,2,0,0
8,469.0,902.3863636363636,720.0,44,0,0
20,469.0,1236.0,1236.0,4,0,0
17,469.0,842.0519480519481,712.0,77,0,0
18,469.0,1194.888888888889,1236.0,18,0,0
15,469.0,1294.253164556962,1236.0,79,0,0
16,469.0,965.54,1236.0,50,0,0
13,461.0,59.0,59.0,5,0,0
13,398.0,213.83333333333334,219.0,6,0,0
14,461.0,63.0,63.0,1,0,0
11,461.0,117.33333333333333,72.0,12,0,0
12,461.0,59.0,59.0,2,0,0
14,398.0,133.2,123.0,5,0,0
17,398.0,280.5238095238095,174.0,21,0,0
16,398.0,174.0,174.0,2,0,0
18,398.0,492.0,622.0,3,0,0
16,450.0,77.0,77.0,1,0,0
15,450.0,243.6,336.0,5,0,0
13,363.0,193.0,193.0,2,0,0
12,363.0,304.0,304.0,1,0,0
9,363.0,68.0,68.0,1,0,0
8,363.0,127.66666666666667,123.0,3,0,0
7,363.0,232.0,232.0,2,0,0
19,341.0,44.0,44.0,4,0,0
18,341.0,456.0,456.0,1,0,0
17,341.0,348.0,348.0,2,0,0
16,341.0,294.0,357.0,4,0,0
15,341.0,75.0,75.0,1,0,0
12,450.0,105.0,105.0,3,0,0
11,450.0,8.0,8.0,5,0,0
14,450.0,700.0,700.0,1,0,0
13,450.0,192.0,192.0,4,0,0
8,450.0,335.9230769230769,290.0,13,0,0
7,450.0,279.85714285714283,196.0,7,0,0
10,450.0,61.0,61.0,1,0,0
9,450.0,248.0,248.0,1,0,0
7,398.0,194.0,174.0,5,0,0
8,398.0,216.14285714285714,203.0,7,0,0
11,398.0,174.0,174.0,1,0,0
10,398.0,140.0,123.0,3,0,0
16,474.0,200.0,200.0,1,0,0
13,474.0,233.0,233.0,1,0,0
13,341.0,223.0,193.0,4,0,0
12,341.0,193.0,193.0,2,0,0
11,341.0,106.33333333333333,63.0,3,0,0
10,341.0,86.5,86.5,4,0,0
8,341.0,166.57142857142858,115.0,7,0,0
7,341.0,77.5,77.5,2,0,0
11,474.0,200.0,200.0,10,0,0
7,474.0,200.0,200.0,61,0,0
8,474.0,197.66666666666666,112.0,3,0,0
17,365.0,28.0,28.0,1,0,0
19,354.0,116.8,155.0,10,0,0
18,354.0,123.0,123.0,2,0,0
17,354.0,278.72222222222223,84.5,18,0,0
16,354.0,50.5,36.0,8,0,0
15,354.0,155.0,155.0,1,0,0
14,354.0,53.2,53.0,5,0,0
13,354.0,141.0,141.0,1,0,0
12,354.0,141.0,141.0,1,0,0
18,452.0,988.5384615384615,828.0,13,0,0
17,452.0,1384.4655172413793,2136.0,58,0,0
19,452.0,672.3333333333334,828.0,15,0,0
14,452.0,136.5,135.0,26,0,0
13,452.0,585.3333333333334,828.0,3,0,0
16,452.0,152.5,152.5,2,0,0
17,343.0,51.0,51.0,1,0,0
9,452.0,36.0,36.0,2,0,0
12,452.0,135.0,135.0,5,0,0
11,452.0,300.0,300.0,1,0,0
8,452.0,388.0,382.0,5,0,0
7,452.0,124.0,124.0,2,0,0
11,354.0,122.4,155.0,5,0,0
10,354.0,116.0,150.0,3,0,0
8,354.0,113.71428571428571,68.0,7,0,0
7,354.0,177.8,153.0,5,0,0
17,332.0,265.5,265.5,2,0,0
14,332.0,264.0,264.0,1,0,0
13,332.0,62.0,62.0,2,0,0
10,378.0,228.0,228.0,1,0,0
17,430.0,1324.0,1324.0,1,0,0
17,269.0,100.0,100.0,1,0,0
19,269.0,278.0,278.0,46,0,0
12,269.0,276.0,276.0,1,0,0
11,269.0,398.0,398.0,1,0,0
14,269.0,276.0,276.0,3,0,0
13,269.0,276.0,276.0,5,0,0
16,269.0,276.0,276.0,5,0,0
15,269.0,329.0,329.0,2,0,0
18,367.0,236.0,22.0,4,0,0
17,321.0,282.0,230.0,22,0,0
9,430.0,168.0,168.0,1,0,0
11,430.0,174.0,174.0,1,0,0
12,430.0,322.0,322.0,2,0,0
8,430.0,755.6,598.0,5,0,0
17,367.0,583.25,728.0,8,0,0
16,465.0,133.0,133.0,1,0,0
7,378.0,174.0,174.0,3,0,0
8,378.0,217.9090909090909,209.0,11,0,0
9,378.0,106.0,106.0,1,0,0
10,332.0,88.0,88.0,1,0,0
8,332.0,118.0,118.0,6,0,0
17,371.0,336.5,342.5,6,0,0
8,416.0,348.5,373.5,6,0,0
7,416.0,187.5,182.0,4,0,0
11,416.0,147.33333333333334,156.0,3,0,0
9,416.0,132.0,132.0,1,0,0
17,416.0,696.4,232.0,5,0,0
9,307.0,188.0,210.0,9,0,0
8,307.0,225.0,117.0,6,0,0
11,307.0,144.0,144.0,1,0,0
10,307.0,144.0,144.0,1,0,0
19,360.0,558.0,558.0,1,0,0
7,307.0,116.0,116.0,2,0,0
18,360.0,23.0,23.0,1,0,0
17,360.0,255.375,428.0,16,0,0
17,307.0,122.4,116.0,10,0,0
16,307.0,88.0,88.0,1,0,0
18,307.0,88.0,88.0,1,0,0
13,307.0,140.0,150.0,7,0,0
12,307.0,150.0,150.0,4,0,0
15,307.0,113.5,117.0,8,0,0
14,307.0,102.0,102.0,2,0,0
8,405.0,236.0,236.0,1,0,0
14,371.0,130.0,130.0,2,0,0
17,405.0,184.0,184.0,2,0,0
8,297.0,162.0,202.0,4,0,0
12,297.0,71.0,71.0,1,0,0
11,297.0,76.0,76.0,3,0,0
10,297.0,42.0,42.0,1,0,0
8,360.0,92.5,35.0,4,0,0
7,360.0,94.0,94.0,1,0,0
16,286.0,54.0,54.0,1,0,0
15,360.0,94.0,94.0,1,0,0
17,286.0,532.5,402.0,4,0,0
14,360.0,126.0,126.0,2,0,0
14,286.0,341.0,341.0,1,0,0
15,286.0,170.0,170.0,1,0,0
12,360.0,139.0,139.0,2,0,0
11,360.0,58.666666666666664,30.0,3,0,0
18,286.0,614.0,614.0,1,0,0
9,360.0,19.0,19.0,1,0,0
17,482.0,38.0,38.0,1,0,0
16,297.0,76.0,76.0,4,0,0
14,297.0,115.1,76.0,20,0,0
19,297.0,220.0,220.0,3,0,0
18,297.0,76.0,76.0,18,0,0
7,482.0,129.86666666666667,134.0,15,0,0
14,482.0,107.0,107.0,13,0,0
16,373.0,185.42857142857142,176.0,7,0,0
8,482.0,80.0,80.0,3,0,0
18,471.0,395.375,393.0,32,0,0
19,471.0,393.0,393.0,1,0,0
16,471.0,430.3333333333333,284.0,3,0,0
7,418.0,335.0,335.0,1,0,0
17,471.0,1322.2631578947369,644.0,19,0,0
7,471.0,221.79166666666666,222.0,24,0,0
18,362.0,126.0,126.0,10,0,0
13,286.0,1144.0,1144.0,3,0,0
17,362.0,179.8939393939394,194.0,66,0,0
11,286.0,243.5,243.5,2,0,0
15,362.0,135.0,135.0,1,0,0
14,471.0,187.0,187.0,4,0,0
15,471.0,183.69230769230768,187.0,13,0,0
12,471.0,144.0,144.0,2,0,0
11,471.0,112.0,112.0,13,0,0
8,471.0,281.53846153846155,230.0,13,0,0
9,471.0,187.0,187.0,1,0,0
20,460.0,63.0,63.0,1,0,0
10,407.0,170.0,170.0,2,0,0
19,460.0,737.0,737.0,1,0,0
7,407.0,32.0,32.0,1,0,0
14,373.0,72.0,72.0,4,0,0
17,460.0,112.0,112.0,1,0,0
14,407.0,88.0,88.0,2,0,0
12,407.0,140.0,140.0,1,0,0
17,407.0,145.5,145.5,2,0,0
16,407.0,163.0,163.0,4,0,0
7,460.0,421.3333333333333,408.0,3,0,0
11,299.0,148.2,143.0,5,0,0
10,299.0,110.0,110.0,4,0,0
17,351.0,1238.0,1238.0,1,0,0
9,299.0,110.0,110.0,1,0,0
8,299.0,110.0,110.0,2,0,0
13,397.0,47.0,47.0,1,0,0
15,460.0,48.0,48.0,6,0,0
16,397.0,162.0,162.0,1,0,0
17,397.0,792.0,367.0,6,0,0
8,460.0,65.5,65.5,2,0,0
19,397.0,117.0,117.0,1,0,0
15,242.0,669.0,669.0,5,0,0
12,362.0,256.5,266.0,6,0,0
11,362.0,90.0,90.0,7,0,0
8,362.0,128.2,132.0,5,0,0
7,362.0,101.5,79.5,4,0,0
8,397.0,43.5,43.5,2,0,0
7,397.0,44.0,44.0,2,0,0
10,397.0,40.0,40.0,2,0,0
9,397.0,47.0,47.0,2,0,0
12,397.0,87.75,89.5,4,0,0
14,299.0,84.66666666666667,72.0,6,0,0
13,299.0,68.0,68.0,1,0,0
12,299.0,72.0,72.0,13,0,0
19,299.0,273.3,156.0,10,0,0
17,299.0,215.35294117647058,156.0,17,0,0
16,299.0,121.5,110.0,4,0,0
6,469.0,182.0,182.0,2,0,0
11,458.0,840.0,840.0,2,0,0
14,458.0,1078.0,1078.0,7,0,0
8,458.0,167.0,167.0,2,0,0
7,458.0,123.6,66.0,5,0,0
10,458.0,80.0,80.0,1,0,0
16,458.0,725.75,812.0,4,0,0
13,303.0,260.0,260.0,1,0,0
12,303.0,161.0,161.0,1,0,0
15,303.0,260.0,260.0,1,0,0
8,303.0,210.5,210.5,2,0,0
17,303.0,421.0,421.0,2,0,0
16,303.0,260.0,260.0,1,0,0
18,303.0,380.0,410.0,5,0,0
14,447.0,352.0,352.0,1,0,0
13,447.0,212.0,212.0,1,0,0
7,447.0,311.0,352.0,3,0,0
10,447.0,695.0,695.0,1,0,0
9,447.0,189.0,189.0,2,0,0
17,401.0,979.6666666666666,1174.0,3,0,0
15,447.0,372.0,372.0,2,0,0
18,447.0,202.0,202.0,1,0,0
17,447.0,748.0,748.0,2,0,0
12,293.0,387.4,391.0,10,0,0
10,293.0,124.11111111111111,96.0,9,0,0
17,293.0,276.22222222222223,333.0,9,0,0
16,293.0,326.72727272727275,364.0,22,0,0
14,293.0,272.75,309.0,12,0,0
8,401.0,169.0,169.0,1,0,0
9,293.0,273.0,273.0,1,0,0
7,401.0,122.0,122.0,1,0,0
8,293.0,479.0,479.0,2,0,0
7,293.0,54.0,54.0,5,0,0
7,436.0,212.0,212.0,1,0,0
17,229.0,93.0,93.0,5,0,0
8,436.0,167.0,167.0,1,0,0
10,436.0,296.0,296.0,2,0,0
7,303.0,270.4,260.0,5,0,0
15,436.0,88.0,88.0,3,0,0
17,436.0,1081.0,502.0,12,0,0
8,327.0,226.0,226.0,2,0,0
7,327.0,226.0,226.0,1,0,0
16,327.0,226.0,226.0,1,0,0
17,327.0,226.0,226.0,2,0,0
15,327.0,226.0,226.0,5,0,0
11,425.0,52.0,52.0,7,0,0
12,425.0,84.66666666666667,52.0,3,0,0
13,391.0,69.0,69.0,1,0,0
14,425.0,52.0,52.0,1,0,0
7,425.0,341.5,341.5,2,0,0
8,425.0,477.0,477.0,1,0,0
18,391.0,193.0,193.0,2,0,0
10,425.0,84.66666666666667,52.0,3,0,0
17,391.0,93.0,93.0,1,0,0
19,425.0,419.75,342.0,4,0,0
19,293.0,154.13333333333333,130.0,15,0,0
18,293.0,301.0,301.0,1,0,0
8,391.0,56.0,56.0,2,0,0
10,391.0,56.0,56.0,3,0,0
17,425.0,927.2289156626506,642.0,83,0,0
18,425.0,610.2,642.0,5,0,0
13,271.0,195.0,195.0,1,0,0
10,414.0,408.0,408.0,1,0,0
8,414.0,238.33333333333334,181.0,3,0,0
7,414.0,71.5,71.5,2,0,0
18,414.0,244.0,244.0,1,0,0
11,305.0,441.3333333333333,324.0,3,0,0
13,305.0,268.6666666666667,177.0,12,0,0
8,305.0,126.0,126.0,1,0,0
19,305.0,277.0,277.0,2,0,0
15,305.0,98.0,98.0,7,0,0
17,305.0,98.8,61.0,5,0,0
10,449.0,620.0,620.0,1,0,0
9,449.0,408.0,408.0,2,0,0
12,449.0,607.8,619.0,5,0,0
8,449.0,454.6,515.0,5,0,0
7,449.0,470.25,536.5,4,0,0
18,449.0,234.0,234.0,1,0,0
17,449.0,1132.6714285714286,671.0,70,0,0
20,449.0,1809.0,1809.0,3,0,0
19,449.0,1504.0,1504.0,2,0,0
14,449.0,107.0,107.0,1,0,0
7,438.0,352.0,352.0,4,0,0
8,438.0,351.0,351.0,1,0,0
17,438.0,264.0,264.0,2,0,0
13,438.0,145.0,145.0,10,0,0
14,438.0,283.6666666666667,180.0,3,0,0
15,438.0,65.0,65.0,13,0,0
7,427.0,324.5,327.5,4,0,0
17,427.0,945.8333333333334,1049.5,12,0,0
13,427.0,272.0,272.0,2,0,0
14,427.0,174.0,174.0,1,0,0
16,427.0,262.5,262.5,2,0,0
